school_name,year,total_vac,p1_vac,p1_appl,p1_taken,p2a_vac,p2a_appl,p2a_taken,p2b_vac,p2b_appl,p2b_taken,p2c_vac,p2c_appl,p2c_taken,p2cs_vac,p2cs_appl,p2cs_taken,p3_vac,p3_appl,p3_taken
Admiralty Primary School,2023-01-01,210,150,75,75,75,32,32,34,37,34,70,109,70,0,0,0,0,0,0
Ahmad Ibrahim Primary School,2023-01-01,220,160,54,54,106,10,10,52,0,0,157,27,27,130,15,15,115,0,0
Ai Tong School,2023-01-01,300,240,114,114,126,120,120,22,56,22,45,78,45,0,0,0,0,0,0
Alexandra Primary School,2023-01-01,200,140,57,57,83,13,13,43,4,4,127,141,127,0,0,0,0,0,0
Anchor Green Primary School,2023-01-01,240,180,85,85,95,30,30,42,0,0,128,36,36,93,66,66,27,0,0
Anderson Primary School,2023-01-01,210,150,71,71,79,46,46,31,19,19,74,92,74,0,0,0,0,0,0
Ang Mo Kio Primary School,2023-01-01,150,90,32,32,58,33,33,28,0,0,85,29,29,56,15,15,41,0,0
Anglo-Chinese School (Junior),2023-01-01,270,210,76,76,134,101,101,31,52,31,62,79,62,0,0,0,0,0,0
Anglo-Chinese School (Primary),2023-01-01,240,180,56,56,124,106,106,26,51,26,53,68,53,0,0,0,0,0,0
Angsana Primary School,2023-01-01,280,220,88,88,132,95,95,32,2,2,95,167,95,0,0,0,0,0,0
Beacon Primary School,2023-01-01,150,90,60,60,30,6,6,28,0,0,84,31,31,53,9,9,44,0,0
Bedok Green Primary School,2023-01-01,210,150,57,57,94,11,11,48,0,0,143,27,27,116,36,36,80,0,0
Bendemeer Primary School,2023-01-01,190,130,36,36,94,12,12,47,1,1,143,30,30,113,50,50,63,0,0
Blangah Rise Primary School,2023-01-01,120,60,23,23,37,20,20,26,0,0,77,18,18,60,12,12,48,0,0
Boon Lay Garden Primary School,2023-01-01,180,120,46,46,74,15,15,40,0,0,121,27,27,94,25,25,69,0,0
Bukit Panjang Primary School,2023-01-01,240,180,100,100,80,78,78,21,24,21,42,89,42,0,0,0,0,0,0
Bukit Timah Primary School,2023-01-01,180,120,64,64,56,7,7,36,1,1,111,71,71,40,66,40,0,0,0
Bukit View Primary School,2023-01-01,320,260,62,62,198,17,17,80,0,0,242,27,27,215,127,127,88,0,0
CHIJ (Katong) Primary,2023-01-01,200,140,44,44,96,30,30,42,21,21,105,63,63,42,55,42,0,0,0
CHIJ (Kellock),2023-01-01,200,140,47,47,93,12,12,47,14,14,128,49,49,79,22,22,57,0,0
CHIJ Primary (Toa Payoh),2023-01-01,210,150,51,51,100,78,78,27,53,27,55,69,55,0,0,0,0,0,0
CHIJ Our Lady Queen Of Peace,2023-01-01,180,120,48,48,72,15,15,40,14,14,105,59,59,46,37,37,9,0,0
CHIJ Our Lady Of Good Counsel,2023-01-01,150,90,29,29,61,11,11,37,11,11,101,40,40,61,43,43,18,0,0
CHIJ Our Lady Of The Nativity,2023-01-01,240,180,60,60,120,24,24,52,45,45,111,113,111,0,0,0,0,0,0
CHIJ St. Nicholas Girls' School,2023-01-01,210,150,70,70,80,103,80,20,46,20,40,84,40,0,0,0,0,0,0
Canberra Primary School,2023-01-01,240,180,80,80,100,16,16,48,22,22,122,131,122,0,0,0,0,0,0
Canossa Catholic Primary School,2023-01-01,120,60,48,48,12,3,3,23,19,19,50,56,50,0,0,0,0,0,0
Cantonment Primary School,2023-01-01,150,90,45,45,45,4,4,34,2,2,100,40,40,60,19,19,41,0,0
Casuarina Primary School,2023-01-01,160,100,76,76,24,18,18,22,0,0,66,44,44,23,28,23,0,0,0
Catholic High School (Primary),2023-01-01,240,180,64,64,116,135,116,20,29,20,40,52,40,0,0,0,0,0,0
Cedar Primary School,2023-01-01,240,180,52,52,128,36,36,51,1,1,151,38,38,113,38,38,75,0,0
Changkat Primary School,2023-01-01,180,120,45,45,75,15,15,40,1,1,119,56,56,63,13,13,50,0,0
Chongfu School,2023-01-01,300,240,122,122,118,73,73,35,53,35,72,112,72,0,0,0,0,0,0
Chongzheng Primary School,2023-01-01,180,120,61,61,60,41,41,26,7,7,72,84,72,0,0,0,0,0,0
Chua Chu Kang Primary School,2023-01-01,240,180,121,121,59,44,44,25,14,14,62,111,62,0,0,0,0,0,0
Clementi Primary School,2023-01-01,280,220,55,55,165,13,13,71,0,0,214,51,51,163,103,103,60,0,0
Compassvale Primary School,2023-01-01,240,180,107,107,73,14,14,40,18,18,101,133,101,0,0,0,0,0,0
Concord Primary School,2023-01-01,240,180,99,99,81,32,32,36,1,1,108,76,76,32,54,32,0,0,0
Corporation Primary School,2023-01-01,180,120,45,45,75,17,17,39,2,2,118,31,31,88,18,18,70,0,0
Damai Primary School,2023-01-01,150,90,49,49,41,13,13,29,1,1,87,22,22,65,18,18,47,0,0
Dazhong Primary School,2023-01-01,200,140,56,56,84,61,61,28,0,0,85,83,83,2,41,2,0,0,0
De La Salle School,2023-01-01,240,180,91,91,89,16,16,44,5,5,128,96,96,32,33,32,0,0,0
East Spring Primary School,2023-01-01,190,130,49,49,81,11,11,43,0,0,130,64,64,66,38,38,28,0,0
Edgefield Primary School,2023-01-01,240,180,71,71,109,7,7,54,0,0,162,46,46,116,24,24,92,0,0
Elias Park Primary School,2023-01-01,160,100,77,77,23,22,22,20,0,0,61,101,61,0,0,0,0,0,0
Endeavour Primary School,2023-01-01,240,180,58,58,122,6,6,59,1,1,175,53,53,122,25,25,97,0,0
Evergreen Primary School,2023-01-01,180,120,68,68,52,18,18,31,0,0,94,66,66,28,22,22,6,0,0
Fairfield Methodist School (Primary),2023-01-01,270,210,116,116,94,103,94,20,52,20,40,66,40,0,0,0,0,0,0
Farrer Park Primary School,2023-01-01,220,160,35,35,125,20,20,55,1,1,164,37,37,127,29,29,98,0,0
Fengshan Primary School,2023-01-01,180,120,53,53,67,33,33,31,2,2,96,75,75,21,39,21,0,0,0
Fern Green Primary School,2023-01-01,240,180,130,130,50,50,50,20,1,1,61,73,61,0,0,0,0,0,0
Fernvale Primary School,2023-01-01,240,180,77,77,103,35,35,43,0,0,129,80,80,49,56,49,0,0,0
First Toa Payoh Primary School,2023-01-01,150,90,19,19,71,13,13,39,0,0,119,9,9,110,14,14,96,0,0
Frontier Primary School,2023-01-01,210,150,69,69,81,88,81,20,13,13,48,63,48,0,0,0,0,0,0
Fuchun Primary School,2023-01-01,180,120,58,58,62,27,27,32,1,1,95,45,45,50,4,4,46,0,0
Fuhua Primary School,2023-01-01,220,160,61,61,99,30,30,43,2,2,128,54,54,74,31,31,43,0,0
Gan Eng Seng Primary School,2023-01-01,150,90,31,31,59,4,4,38,0,0,115,27,27,88,21,21,67,0,0
Geylang Methodist School (Primary),2023-01-01,270,210,102,102,108,32,32,45,4,4,132,134,132,0,0,0,0,0,0
Gongshang Primary School,2023-01-01,220,160,114,114,46,163,46,20,16,16,44,107,44,0,0,0,0,0,0
Greendale Primary School,2023-01-01,280,220,68,68,152,22,22,63,0,0,190,23,23,167,17,17,150,0,0
Greenridge Primary School,2023-01-01,180,120,67,67,53,9,9,35,1,1,103,19,19,84,7,7,77,0,0
Greenwood Primary School,2023-01-01,240,180,99,99,82,16,16,42,3,3,123,89,89,34,33,33,1,0,0
Haig Girls' School,2023-01-01,190,130,51,51,79,24,24,38,18,18,97,108,97,0,0,0,0,0,0
Henry Park Primary School,2023-01-01,300,240,131,131,109,109,109,20,23,20,44,64,44,0,0,0,0,0,0
Holy Innocents' Primary School,2023-01-01,270,210,107,107,103,115,103,20,53,20,40,115,40,0,0,0,0,0,0
Hong Wen School,2023-01-01,210,150,82,82,69,34,34,32,30,30,69,151,69,0,0,0,0,0,0
Horizon Primary School,2023-01-01,240,180,103,103,77,105,77,20,16,16,44,81,44,0,0,0,0,0,0
Hougang Primary School,2023-01-01,190,130,76,76,54,22,22,31,17,17,76,98,76,0,0,0,0,0,0
Huamin Primary School,2023-01-01,240,180,101,101,79,90,79,20,1,1,61,95,61,0,0,0,0,0,0
Innova Primary School,2023-01-01,180,120,64,64,56,9,9,36,11,11,96,58,58,38,4,4,34,0,0
Jiemin Primary School,2023-01-01,220,160,68,68,92,19,19,44,0,0,134,57,57,77,54,54,23,0,0
Jing Shan Primary School,2023-01-01,150,90,51,51,39,51,39,20,1,1,61,62,61,0,0,0,0,0,0
Junyuan Primary School,2023-01-01,240,180,83,83,97,76,76,27,0,0,81,58,58,23,74,23,0,0,0
Jurong Primary School,2023-01-01,220,160,59,59,101,37,37,41,0,0,125,73,73,52,72,52,0,0,0
Jurong West Primary School,2023-01-01,180,120,57,57,63,65,63,20,1,1,60,63,60,0,0,0,0,0,0
Keming Primary School,2023-01-01,240,180,100,100,80,51,51,30,8,8,82,138,82,0,0,0,0,0,0
Kheng Cheng School,2023-01-01,240,180,71,71,109,47,47,41,1,1,121,110,110,11,28,11,0,0,0
Kong Hwa School,2023-01-01,270,210,110,110,100,74,74,29,57,29,57,84,57,0,0,0,0,0,0
Kranji Primary School,2023-01-01,120,60,35,35,25,25,25,20,0,0,60,21,21,39,16,16,23,0,0
Kuo Chuan Presbyterian Primary School,2023-01-01,240,180,88,88,92,57,57,32,36,32,67,76,67,0,0,0,0,0,0
Lakeside Primary School,2023-01-01,240,180,82,82,98,42,42,39,0,0,119,112,112,7,19,7,0,0,0
Lianhua Primary School,2023-01-01,320,260,53,53,207,17,17,84,0,0,252,36,36,216,51,51,165,0,0
Maha Bodhi School,2023-01-01,330,270,141,141,129,99,99,30,42,30,63,82,63,0,0,0,0,0,0
Maris Stella High School,2023-01-01,270,210,70,70,140,122,122,26,30,26,55,77,55,0,0,0,0,0,0
Marsiling Primary School,2023-01-01,210,150,52,52,98,15,15,48,0,0,143,74,74,69,4,4,65,0,0
Marymount Convent School,2023-01-01,240,180,38,38,143,9,9,65,7,7,188,56,56,132,62,62,70,0,0
Mayflower Primary School,2023-01-01,180,120,37,37,83,23,23,40,0,0,121,30,30,91,46,46,45,0,0
Mee Toh School,2023-01-01,300,240,108,108,132,28,28,55,49,49,116,145,116,0,0,0,0,0,0
Meridian Primary School,2023-01-01,210,150,29,29,121,26,26,52,0,0,157,22,22,135,14,14,121,0,0
Methodist Girls' School (Primary),2023-01-01,210,150,64,64,86,83,83,21,38,21,43,63,43,0,0,0,0,0,0
Montfort Junior School,2023-01-01,150,90,22,22,68,7,7,40,8,8,113,25,25,88,38,38,50,0,0
Nan Chiau Primary School,2023-01-01,300,240,131,131,109,38,38,45,123,45,89,264,89,0,0,0,0,0,0
Nan Hua Primary School,2023-01-01,240,180,116,116,65,96,65,20,34,20,40,192,40,0,0,0,0,0,0
Nanyang Primary School,2023-01-01,390,330,182,182,149,171,149,20,43,20,44,76,44,0,0,0,0,0,0
Naval Base Primary School,2023-01-01,240,180,114,114,66,100,66,20,2,2,58,89,58,0,0,0,0,0,0
New Town Primary School,2023-01-01,210,150,37,37,113,9,9,55,0,0,164,19,19,145,41,41,104,0,0
Ngee Ann Primary School,2023-01-01,240,180,86,86,94,34,34,40,2,2,122,122,122,0,0,0,0,0,0
North Spring Primary School,2023-01-01,240,180,52,52,128,15,15,58,0,0,173,38,38,135,49,49,86,0,0
North View Primary School,2023-01-01,240,180,93,93,87,68,68,26,0,0,80,95,80,0,0,0,0,0,0
North Vista Primary School,2023-01-01,240,180,57,57,123,35,35,49,1,1,148,55,55,94,50,50,44,0,0
Northland Primary School,2023-01-01,240,180,104,104,76,72,72,21,22,21,44,200,44,0,0,0,0,0,0
Northoaks Primary School,2023-01-01,180,120,35,35,85,9,9,45,0,0,137,20,20,117,3,3,114,0,0
Northshore Primary School,2023-01-01,280,220,52,52,168,69,69,53,1,1,159,110,110,49,12,12,37,0,0
Oasis Primary School,2023-01-01,240,180,110,110,70,68,68,21,2,2,61,63,61,0,0,0,0,0,0
Opera Estate Primary School,2023-01-01,180,120,60,60,60,18,18,34,1,1,101,74,74,34,33,33,1,0,0
Palm View Primary School,2023-01-01,240,180,102,102,78,8,8,43,0,0,130,76,76,54,67,54,0,0,0
Park View Primary School,2023-01-01,180,120,64,64,56,13,13,34,2,2,101,66,66,35,37,35,0,0,0
Pasir Ris Primary School,2023-01-01,180,120,81,81,39,32,32,23,23,23,47,76,47,0,0,0,0,0,0
Paya Lebar Methodist Girls' School (Primary),2023-01-01,270,210,64,64,146,70,70,46,35,35,103,120,103,0,0,0,0,0,0
Pei Chun Public School,2023-01-01,300,240,113,113,127,116,116,24,29,24,52,81,52,0,0,0,0,0,0
Pei Hwa Presbyterian Primary School,2023-01-01,224,164,102,102,62,93,62,20,32,20,40,75,40,0,0,0,0,0,0
Pei Tong Primary School,2023-01-01,280,220,60,60,160,25,25,65,0,0,196,29,29,167,84,84,83,0,0
Peiying Primary School,2023-01-01,220,160,70,70,90,29,29,40,0,0,121,49,49,73,105,73,0,0,0
Poi Ching School,2023-01-01,240,180,95,95,85,23,23,41,45,41,82,197,82,0,0,0,0,0,0
Princess Elizabeth Primary School,2023-01-01,200,140,87,87,53,89,53,20,12,12,48,283,48,0,0,0,0,0,0
Punggol Primary School,2023-01-01,190,130,89,89,41,17,17,28,0,0,86,106,86,0,0,0,0,0,0
Punggol Cove Primary School,2023-01-01,280,220,102,102,118,65,65,38,1,1,113,82,82,31,34,31,0,0,0
Punggol Green Primary School,2023-01-01,240,180,107,107,73,98,73,21,4,4,58,110,58,0,0,0,0,0,0
Punggol View Primary School,2023-01-01,240,180,98,98,82,51,51,30,1,1,92,51,51,41,51,41,0,0,0
Qifa Primary School,2023-01-01,280,220,95,95,125,48,48,46,17,17,124,130,124,0,0,0,0,0,0
Qihua Primary School,2023-01-01,180,120,60,60,60,25,25,32,0,0,95,42,42,53,6,6,47,0,0
Queenstown Primary School,2023-01-01,210,150,76,76,75,28,28,36,1,1,106,123,106,0,0,0,0,0,0
Radin Mas Primary School,2023-01-01,200,140,70,70,71,56,56,25,22,22,54,81,54,0,0,0,0,0,0
Raffles Girls' Primary School,2023-01-01,270,210,61,61,151,66,66,48,33,33,113,130,113,0,0,0,0,0,0
Red Swastika School,2023-01-01,240,180,94,94,86,112,86,20,22,20,42,89,42,0,0,0,0,0,0
River Valley Primary School,2023-01-01,210,150,84,84,67,52,52,25,16,16,60,73,60,0,0,0,0,0,0
Riverside Primary School,2023-01-01,210,150,87,87,63,70,63,20,1,1,59,90,59,0,0,0,0,0,0
Rivervale Primary School,2023-01-01,200,140,96,96,44,20,20,28,14,14,70,133,70,0,0,0,0,0,0
Rosyth School,2023-01-01,270,210,135,135,75,120,75,20,23,20,41,142,41,0,0,0,0,0,0
Rulang Primary School,2023-01-01,270,210,122,122,88,102,88,20,26,20,41,112,41,0,0,0,0,0,0
Sembawang Primary School,2023-01-01,200,140,82,82,58,44,44,25,1,1,75,67,67,8,27,8,0,0,0
Seng Kang Primary School,2023-01-01,210,150,39,39,111,9,9,54,0,0,163,22,22,141,37,37,104,0,0
Sengkang Green Primary School,2023-01-01,280,220,128,128,92,121,92,20,15,15,45,87,45,0,0,0,0,0,0
Shuqun Primary School,2023-01-01,200,140,78,78,62,49,49,25,15,15,60,97,60,0,0,0,0,0,0
Si Ling Primary School,2023-01-01,150,90,40,40,50,10,10,33,0,0,100,22,22,78,1,1,77,0,0
Singapore Chinese Girls’ School (Primary),2023-01-01,192,132,54,54,78,75,75,21,20,20,43,58,43,0,0,0,0,0,0
South View Primary School,2023-01-01,270,210,121,121,89,105,89,20,34,20,40,128,40,0,0,0,0,0,0
Springdale Primary School,2023-01-01,280,220,102,102,118,57,57,40,0,0,121,68,68,53,68,53,0,0,0
St. Andrew's Junior School,2023-01-01,240,180,55,55,125,49,49,45,36,36,103,113,103,0,0,0,0,0,0
St. Anthony's Primary School,2023-01-01,240,180,70,70,110,44,44,42,24,24,102,114,102,0,0,0,0,0,0
St. Anthony's Canossian Primary School,2023-01-01,210,150,26,26,124,11,11,58,8,8,165,36,36,129,33,33,96,0,0
St. Gabriel's Primary School,2023-01-01,150,90,26,26,64,13,13,37,34,34,77,52,52,27,43,27,0,0,0
St. Hilda's Primary School,2023-01-01,270,210,107,107,103,113,103,20,36,20,40,136,40,0,0,0,0,0,0
St. Joseph's Institution Junior,2023-01-01,240,180,53,53,127,56,56,44,85,44,88,98,88,0,0,0,0,0,0
St. Margaret's Primary School,2023-01-01,192,132,26,26,106,28,28,46,17,17,122,78,78,44,46,44,0,0,0
St. Stephen's School,2023-01-01,240,180,30,30,150,23,23,62,28,28,160,58,58,102,66,66,36,0,0
Tampines Primary School,2023-01-01,240,180,77,77,103,62,62,34,0,0,102,92,92,10,53,10,0,0,0
Tampines North Primary School,2023-01-01,240,180,84,84,96,18,18,46,0,0,138,47,47,91,127,91,0,0,0
Tanjong Katong Primary School,2023-01-01,200,140,71,71,69,33,33,32,13,13,87,108,87,0,0,0,0,0,0
Tao Nan School,2023-01-01,360,300,183,183,117,138,117,20,68,20,41,95,41,0,0,0,0,0,0
Teck Ghee Primary School,2023-01-01,180,120,76,76,44,16,16,29,5,5,84,64,64,20,22,20,0,0,0
Teck Whye Primary School,2023-01-01,210,150,44,44,106,21,21,48,2,2,143,19,19,124,26,26,98,0,0
Telok Kurau Primary School,2023-01-01,240,180,71,71,109,33,33,46,0,0,138,56,56,82,32,32,50,0,0
Temasek Primary School,2023-01-01,200,140,84,84,56,59,56,20,12,12,48,116,48,0,0,0,0,0,0
Townsville Primary School,2023-01-01,150,90,30,30,61,17,17,35,1,1,104,27,27,77,13,13,64,0,0
Unity Primary School,2023-01-01,150,90,52,52,38,10,10,29,0,0,88,44,44,44,3,3,41,0,0
Valour Primary School,2023-01-01,280,220,113,113,107,82,82,28,1,1,84,102,84,0,0,0,0,0,0
Waterway Primary School,2023-01-01,280,220,100,100,120,61,61,40,1,1,120,77,77,43,30,30,13,0,0
Wellington Primary School,2023-01-01,240,180,108,108,72,85,72,20,6,6,55,108,55,0,0,0,0,0,0
West Grove Primary School,2023-01-01,210,150,77,77,73,7,7,42,1,1,126,45,45,81,46,46,35,0,0
West Spring Primary School,2023-01-01,240,180,94,94,87,69,69,26,2,2,79,85,79,0,0,0,0,0,0
West View Primary School,2023-01-01,150,90,45,45,45,23,23,27,1,1,82,41,41,41,25,25,16,0,0
Westwood Primary School,2023-01-01,240,180,90,90,90,82,82,23,10,10,59,82,59,0,0,0,0,0,0
White Sands Primary School,2023-01-01,180,120,78,78,42,23,23,26,3,3,78,86,78,0,0,0,0,0,0
Woodgrove Primary School,2023-01-01,180,120,59,59,61,10,10,37,8,8,103,99,99,4,8,4,0,0,0
Woodlands Primary School,2023-01-01,210,150,69,69,81,33,33,36,8,8,102,87,87,16,10,10,6,0,0
Woodlands Ring Primary School,2023-01-01,210,150,85,85,65,20,20,35,0,0,105,53,53,53,6,6,47,0,0
Xinghua Primary School,2023-01-01,240,180,28,28,152,10,10,67,0,0,203,34,34,169,42,42,127,0,0
Xingnan Primary School,2023-01-01,210,150,49,49,101,18,18,48,0,0,143,43,43,100,11,11,89,0,0
Xinmin Primary School,2023-01-01,210,150,69,69,81,54,54,29,26,26,62,100,62,0,0,0,0,0,0
Xishan Primary School,2023-01-01,220,160,73,73,87,29,29,39,2,2,116,43,43,73,79,73,0,0,0
Yangzheng Primary School,2023-01-01,160,100,66,66,34,38,34,20,14,14,48,77,48,0,0,0,0,0,0
Yew Tee Primary School,2023-01-01,180,120,53,53,67,6,6,40,3,3,118,45,45,74,11,11,63,0,0
Yio Chu Kang Primary School,2023-01-01,180,120,46,46,74,11,11,41,0,0,123,24,24,99,67,67,32,0,0
Yishun Primary School,2023-01-01,220,160,54,54,106,24,24,47,1,1,141,54,54,87,47,47,40,0,0
Yu Neng Primary School,2023-01-01,180,120,69,69,51,44,44,22,12,12,56,82,56,0,0,0,0,0,0
Yuhua Primary School,2023-01-01,240,180,57,57,123,23,23,53,1,1,160,23,23,137,31,31,106,0,0
Yumin Primary School,2023-01-01,220,160,47,47,113,12,12,54,0,0,161,14,14,148,41,41,107,0,0
Zhangde Primary School,2023-01-01,180,120,63,63,57,22,22,32,0,0,95,88,88,8,19,8,0,0,0
Zhenghua Primary School,2023-01-01,210,150,78,78,72,55,55,26,2,2,76,44,44,32,44,32,0,0,0
Zhonghua Primary School,2023-01-01,120,60,21,21,39,4,4,32,0,0,95,11,11,84,20,20,64,0,0
Admiralty Primary School,2022-01-01,210,150,107,107,44,37,37,22,49,22,45,104,45,0,0,0,0,0,0
Ahmad Ibrahim Primary School,2022-01-01,190,130,56,56,74,5,5,43,0,0,129,31,31,98,20,20,78,0,0
Ai Tong School,2022-01-01,300,240,130,130,110,146,110,20,48,20,42,86,42,0,0,0,0,0,0
Alexandra Primary School,2022-01-01,200,140,75,75,65,9,9,39,4,4,113,146,113,0,0,0,0,0,0
Anchor Green Primary School,2022-01-01,240,180,75,75,105,46,46,40,0,0,120,24,24,96,108,96,0,0,0
Anderson Primary School,2022-01-01,210,150,91,91,59,36,36,28,21,21,64,88,64,0,0,0,0,0,0
Ang Mo Kio Primary School,2022-01-01,210,150,48,48,102,13,13,50,0,0,149,49,49,100,13,13,87,0,0
Anglo-Chinese School (Junior),2022-01-01,270,210,78,78,132,112,112,27,57,27,53,69,53,0,0,0,0,0,0
Anglo-Chinese School (Primary),2022-01-01,240,180,62,62,118,95,95,28,55,28,55,69,55,0,0,0,0,0,0
Angsana Primary School,2022-01-01,280,220,58,58,162,20,20,67,0,0,202,171,171,31,66,31,0,0,0
Beacon Primary School,2022-01-01,210,150,68,68,82,7,7,45,0,0,135,33,33,102,27,27,75,0,0
Bedok Green Primary School,2022-01-01,240,180,71,71,109,17,17,51,0,0,152,32,32,120,74,74,46,0,0
Bendemeer Primary School,2022-01-01,190,130,52,52,78,5,5,44,0,0,133,59,59,74,47,47,27,0,0
Blangah Rise Primary School,2022-01-01,120,60,19,19,41,6,6,32,0,0,96,24,24,72,19,19,53,0,0
Boon Lay Garden Primary School,2022-01-01,300,240,65,65,175,11,11,75,0,0,225,38,38,187,34,34,153,0,0
Bukit Panjang Primary School,2022-01-01,240,180,100,100,80,55,55,29,21,21,65,80,65,0,0,0,0,0,0
Bukit Timah Primary School,2022-01-01,190,130,59,59,71,6,6,42,1,1,124,81,81,45,63,45,0,0,0
Bukit View Primary School,2022-01-01,300,240,58,58,182,12,12,77,0,0,230,31,31,199,133,133,66,0,0
CHIJ (Katong) Primary,2022-01-01,200,140,39,39,101,33,33,43,16,16,112,53,53,59,57,57,2,0,0
CHIJ (Kellock),2022-01-01,200,140,49,49,91,13,13,46,16,16,123,77,77,46,41,41,5,0,0
CHIJ Primary (Toa Payoh),2022-01-01,210,150,55,55,95,74,74,27,40,27,54,68,54,0,0,0,0,0,0
CHIJ Our Lady Queen Of Peace,2022-01-01,180,120,38,38,82,4,4,46,12,12,126,82,82,44,42,42,2,0,0
CHIJ Our Lady Of Good Counsel,2022-01-01,150,90,33,33,57,20,20,32,20,20,80,61,61,19,29,19,0,0,0
CHIJ Our Lady Of The Nativity,2022-01-01,240,180,58,58,122,22,22,54,53,53,110,118,110,0,0,0,0,0,0
CHIJ St. Nicholas Girls' School,2022-01-01,210,150,60,60,90,112,90,20,46,20,40,63,40,0,0,0,0,0,0
Canberra Primary School,2022-01-01,240,180,86,86,94,25,25,43,19,19,112,146,112,0,0,0,0,0,0
Canossa Catholic Primary School,2022-01-01,120,60,34,34,26,6,6,27,16,16,64,60,60,4,23,4,0,0,0
Cantonment Primary School,2022-01-01,180,120,44,44,76,2,2,45,0,0,136,43,43,93,47,47,46,0,0
Casuarina Primary School,2022-01-01,160,100,60,60,40,16,16,28,0,0,84,55,55,29,37,29,0,0,0
Catholic High School (Primary),2022-01-01,240,180,70,70,110,149,110,20,43,20,40,68,40,0,0,0,0,0,0
Cedar Primary School,2022-01-01,240,180,33,33,147,20,20,62,0,0,187,42,42,145,74,74,71,0,0
Changkat Primary School,2022-01-01,210,150,53,53,97,12,12,48,0,0,146,49,49,97,18,18,79,0,0
Chongfu School,2022-01-01,300,240,139,139,101,87,87,25,51,25,49,157,49,0,0,0,0,0,0
Chongzheng Primary School,2022-01-01,180,120,89,89,32,39,32,20,7,7,54,87,54,0,0,0,0,0,0
Chua Chu Kang Primary School,2022-01-01,240,180,114,114,66,31,31,32,25,25,70,124,70,0,0,0,0,0,0
Clementi Primary School,2022-01-01,280,220,82,82,138,17,17,60,0,0,183,71,71,112,125,112,0,0,0
Compassvale Primary School,2022-01-01,240,180,98,98,82,12,12,44,17,17,115,140,115,0,0,0,0,0,0
Concord Primary School,2022-01-01,240,180,103,103,77,21,21,39,3,3,114,105,105,10,33,10,0,0,0
Corporation Primary School,2022-01-01,240,180,82,82,98,6,6,51,1,1,151,54,54,97,31,31,66,0,0
Damai Primary School,2022-01-01,240,180,57,57,124,8,8,59,0,0,176,36,36,140,30,30,110,0,0
Dazhong Primary School,2022-01-01,200,140,89,89,51,40,40,24,0,0,73,66,66,7,65,7,0,0,0
De La Salle School,2022-01-01,240,180,79,79,101,17,17,48,12,12,133,104,104,29,48,29,0,0,0
East Spring Primary School,2022-01-01,190,130,66,66,64,11,11,38,0,0,113,58,58,55,26,26,29,0,0
Edgefield Primary School,2022-01-01,240,180,87,87,93,15,15,46,0,0,139,85,85,54,65,54,0,0,0
Elias Park Primary School,2022-01-01,180,120,80,80,40,10,10,30,2,2,89,132,89,0,0,0,0,0,0
Endeavour Primary School,2022-01-01,240,180,77,77,103,7,7,52,3,3,153,58,58,95,72,72,23,0,0
Evergreen Primary School,2022-01-01,210,150,68,68,82,17,17,42,0,0,125,59,59,66,47,47,19,0,0
Fairfield Methodist School (Primary),2022-01-01,270,210,123,123,88,98,88,20,33,20,41,89,41,0,0,0,0,0,0
Farrer Park Primary School,2022-01-01,190,130,45,45,86,20,20,42,1,1,125,49,49,76,59,59,17,0,0
Fengshan Primary School,2022-01-01,180,120,84,84,36,22,22,25,1,1,73,95,73,0,0,0,0,0,0
Fern Green Primary School,2022-01-01,240,180,120,120,61,48,48,25,2,2,73,90,73,0,0,0,0,0,0
Fernvale Primary School,2022-01-01,240,180,92,92,88,35,35,38,1,1,113,78,78,35,77,35,0,0,0
First Toa Payoh Primary School,2022-01-01,150,90,18,18,72,6,6,42,0,0,127,4,4,123,10,10,113,0,0
Frontier Primary School,2022-01-01,210,150,80,80,70,92,70,20,14,14,46,85,46,0,0,0,0,0,0
Fuchun Primary School,2022-01-01,210,150,51,51,99,12,12,49,1,1,147,52,52,95,16,16,79,0,0
Fuhua Primary School,2022-01-01,180,120,83,83,37,15,15,27,0,0,83,62,62,21,32,21,0,0,0
Gan Eng Seng Primary School,2022-01-01,150,90,36,36,54,2,2,37,0,0,112,28,28,84,21,21,63,0,0
Geylang Methodist School (Primary),2022-01-01,270,210,103,103,107,34,34,44,4,4,129,131,129,0,0,0,0,0,0
Gongshang Primary School,2022-01-01,210,150,91,91,59,116,59,20,15,15,45,107,45,0,0,0,0,0,0
Greendale Primary School,2022-01-01,240,180,85,85,95,22,22,44,0,0,133,31,31,102,71,71,31,0,0
Greenridge Primary School,2022-01-01,210,150,81,81,69,12,12,39,0,0,117,35,35,82,26,26,56,0,0
Greenwood Primary School,2022-01-01,240,180,95,95,85,6,6,46,1,1,138,107,107,31,33,31,0,0,0
Haig Girls' School,2022-01-01,190,130,37,37,93,25,25,43,1,1,127,117,117,10,28,10,0,0,0
Henry Park Primary School,2022-01-01,300,240,131,131,109,139,109,21,29,21,41,82,41,0,0,0,0,0,0
Holy Innocents' Primary School,2022-01-01,270,210,122,122,88,103,88,21,50,21,42,101,42,0,0,0,0,0,0
Hong Wen School,2022-01-01,210,150,74,74,77,29,29,36,27,27,83,135,83,0,0,0,0,0,0
Horizon Primary School,2022-01-01,240,180,101,101,79,92,79,20,19,19,42,77,42,0,0,0,0,0,0
Hougang Primary School,2022-01-01,200,140,99,99,41,5,5,32,18,18,79,114,79,0,0,0,0,0,0
Huamin Primary School,2022-01-01,280,220,115,115,105,68,68,32,2,2,96,114,96,0,0,0,0,0,0
Innova Primary School,2022-01-01,180,120,75,75,45,7,7,33,14,14,84,86,84,0,0,0,0,0,0
Jiemin Primary School,2022-01-01,180,120,74,74,46,22,22,28,1,1,83,62,62,22,27,22,0,0,0
Jing Shan Primary School,2022-01-01,150,90,55,55,35,22,22,24,1,1,72,67,67,5,5,5,0,0,0
Junyuan Primary School,2022-01-01,240,180,86,86,94,42,42,37,0,0,112,77,77,35,70,35,0,0,0
Jurong Primary School,2022-01-01,180,120,80,80,40,21,21,26,0,0,82,55,55,27,41,27,0,0,0
Jurong West Primary School,2022-01-01,180,120,87,87,33,12,12,27,4,4,78,93,78,0,0,0,0,0,0
Keming Primary School,2022-01-01,220,160,100,100,60,49,49,24,19,19,53,121,53,0,0,0,0,0,0
Kheng Cheng School,2022-01-01,240,180,83,83,98,15,15,48,4,4,141,111,111,30,55,30,0,0,0
Kong Hwa School,2022-01-01,270,210,99,99,111,75,75,32,65,32,64,129,64,0,0,0,0,0,0
Kranji Primary School,2022-01-01,150,90,31,31,59,20,20,33,0,0,99,16,16,84,7,7,77,0,0
Kuo Chuan Presbyterian Primary School,2022-01-01,240,180,103,103,77,45,45,31,54,31,67,86,67,0,0,0,0,0,0
Lakeside Primary School,2022-01-01,240,180,104,104,76,23,23,38,0,0,113,124,113,0,0,0,0,0,0
Lianhua Primary School,2022-01-01,300,240,53,53,187,11,11,79,1,1,235,32,32,203,60,60,143,0,0
Maha Bodhi School,2022-01-01,330,270,132,132,138,88,88,37,33,33,79,114,79,0,0,0,0,0,0
Maris Stella High School,2022-01-01,270,210,82,82,128,106,106,27,45,27,56,93,56,0,0,0,0,0,0
Marsiling Primary School,2022-01-01,210,150,62,62,88,11,11,46,0,0,137,82,82,55,18,18,37,0,0
Marymount Convent School,2022-01-01,240,180,32,32,148,7,7,67,13,13,188,68,68,120,101,101,19,0,0
Mayflower Primary School,2022-01-01,190,130,55,55,75,20,20,38,0,0,115,38,38,77,59,59,18,0,0
Mee Toh School,2022-01-01,300,240,117,117,123,34,34,50,50,50,101,150,101,0,0,0,0,0,0
Meridian Primary School,2022-01-01,190,130,59,59,71,25,25,35,0,0,108,22,22,86,9,9,77,0,0
Methodist Girls' School (Primary),2022-01-01,210,150,81,81,69,89,69,20,79,20,40,70,40,0,0,0,0,0,0
Montfort Junior School,2022-01-01,150,90,26,26,64,9,9,38,15,15,101,29,29,72,64,64,8,0,0
Nan Chiau Primary School,2022-01-01,300,240,143,143,97,35,35,41,79,41,81,274,81,0,0,0,0,0,0
Nan Hua Primary School,2022-01-01,240,180,104,104,77,111,77,20,38,20,40,191,40,0,0,0,0,0,0
Nanyang Primary School,2022-01-01,390,330,175,175,156,185,156,20,37,20,41,89,41,0,0,0,0,0,0
Naval Base Primary School,2022-01-01,280,220,115,115,106,61,61,35,1,1,105,116,105,0,0,0,0,0,0
New Town Primary School,2022-01-01,210,150,33,33,117,4,4,58,0,0,173,20,20,153,33,33,120,0,0
Ngee Ann Primary School,2022-01-01,240,180,86,86,95,28,28,42,4,4,123,128,123,0,0,0,0,0,0
North Spring Primary School,2022-01-01,210,150,65,65,85,7,7,46,0,0,139,37,37,102,50,50,52,0,0
North View Primary School,2022-01-01,240,180,81,81,99,15,15,48,0,0,144,119,119,26,58,26,0,0,0
North Vista Primary School,2022-01-01,240,180,79,79,101,44,44,39,0,0,117,43,43,74,49,49,25,0,0
Northland Primary School,2022-01-01,240,180,120,120,60,62,60,20,22,20,42,199,42,0,0,0,0,0,0
Northoaks Primary School,2022-01-01,220,160,29,29,131,5,5,62,0,0,186,14,14,172,13,13,159,0,0
Northshore Primary School,2022-01-01,240,180,33,33,147,31,31,59,1,1,175,75,75,100,87,87,13,0,0
Oasis Primary School,2022-01-01,250,190,136,136,54,71,54,20,0,0,60,80,60,0,0,0,0,0,0
Opera Estate Primary School,2022-01-01,190,130,74,74,56,8,8,36,1,1,107,70,70,43,43,43,0,0,0
Palm View Primary School,2022-01-01,240,180,93,93,88,9,9,46,1,1,138,56,56,82,59,59,23,0,0
Park View Primary School,2022-01-01,180,120,62,62,58,10,10,36,1,1,108,58,58,50,38,38,12,0,0
Pasir Ris Primary School,2022-01-01,180,120,83,83,37,33,33,21,22,21,43,80,43,0,0,0,0,0,0
Paya Lebar Methodist Girls' School (Primary),2022-01-01,270,210,79,79,131,69,69,41,47,41,81,110,81,0,0,0,0,0,0
Pei Chun Public School,2022-01-01,300,240,134,134,106,129,106,20,27,20,45,83,45,0,0,0,0,0,0
Pei Hwa Presbyterian Primary School,2022-01-01,224,164,121,121,44,112,44,20,37,20,41,87,41,0,0,0,0,0,0
Pei Tong Primary School,2022-01-01,280,220,64,64,156,43,43,58,0,0,175,34,34,143,94,94,49,0,0
Peiying Primary School,2022-01-01,190,130,66,66,64,17,17,36,0,0,107,45,45,62,82,62,0,0,0
Poi Ching School,2022-01-01,240,180,83,83,98,29,29,43,27,27,104,197,104,0,0,0,0,0,0
Princess Elizabeth Primary School,2022-01-01,200,140,98,98,42,60,42,20,5,5,55,278,55,0,0,0,0,0,0
Punggol Primary School,2022-01-01,190,130,84,84,46,22,22,28,6,6,78,129,78,0,0,0,0,0,0
Punggol Cove Primary School,2022-01-01,250,190,99,99,91,58,58,31,1,1,93,82,82,12,21,12,0,0,0
Punggol Green Primary School,2022-01-01,250,190,122,122,68,99,68,20,4,4,56,127,56,0,0,0,0,0,0
Punggol View Primary School,2022-01-01,250,190,125,125,65,82,65,20,0,0,61,74,61,0,0,0,0,0,0
Qifa Primary School,2022-01-01,280,220,104,104,116,43,43,44,22,22,111,131,111,0,0,0,0,0,0
Qihua Primary School,2022-01-01,240,180,59,59,121,19,19,54,5,5,158,56,56,102,14,14,88,0,0
Queenstown Primary School,2022-01-01,210,150,76,76,74,16,16,40,0,0,121,115,115,6,24,6,0,0,0
Radin Mas Primary School,2022-01-01,200,140,85,85,55,62,55,20,20,20,40,82,40,0,0,0,0,0,0
Raffles Girls' Primary School,2022-01-01,270,210,89,89,121,52,52,43,39,39,90,125,90,0,0,0,0,0,0
Red Swastika School,2022-01-01,240,180,116,116,64,94,64,20,26,20,42,81,42,0,0,0,0,0,0
River Valley Primary School,2022-01-01,210,150,85,85,65,49,49,26,20,20,59,91,59,0,0,0,0,0,0
Riverside Primary School,2022-01-01,210,150,103,103,47,72,47,20,2,2,58,83,58,0,0,0,0,0,0
Rivervale Primary School,2022-01-01,210,150,103,103,47,14,14,31,12,12,81,126,81,0,0,0,0,0,0
Rosyth School,2022-01-01,270,210,137,137,73,113,73,20,24,20,41,125,41,0,0,0,0,0,0
Rulang Primary School,2022-01-01,270,210,120,120,90,107,90,20,34,20,40,95,40,0,0,0,0,0,0
Sembawang Primary School,2022-01-01,200,140,87,87,53,8,8,35,1,1,104,122,104,0,0,0,0,0,0
Seng Kang Primary School,2022-01-01,210,150,60,60,90,4,4,49,0,0,148,19,19,129,68,68,61,0,0
Sengkang Green Primary School,2022-01-01,280,220,111,111,110,100,100,23,21,21,49,120,49,0,0,0,0,0,0
Shuqun Primary School,2022-01-01,200,140,68,68,72,42,42,30,11,11,79,106,79,0,0,0,0,0,0
Si Ling Primary School,2022-01-01,150,90,45,45,45,8,8,32,0,0,97,17,17,80,12,12,68,0,0
Singapore Chinese Girls’ School (Primary),2022-01-01,192,132,55,55,77,79,77,20,34,20,40,73,40,0,0,0,0,0,0
South View Primary School,2022-01-01,270,210,132,132,78,95,78,20,30,20,40,177,40,0,0,0,0,0,0
Springdale Primary School,2022-01-01,280,220,121,121,99,74,74,29,0,0,87,81,81,6,22,6,0,0,0
St. Andrew's Junior School,2022-01-01,240,180,62,62,118,66,66,37,31,31,82,124,82,0,0,0,0,0,0
St. Anthony's Primary School,2022-01-01,220,160,87,87,73,38,38,32,39,32,65,105,65,0,0,0,0,0,0
St. Anthony's Canossian Primary School,2022-01-01,240,180,31,31,149,9,9,67,6,6,194,41,41,153,51,51,102,0,0
St. Gabriel's Primary School,2022-01-01,150,90,29,29,61,20,20,34,24,24,77,77,77,0,0,0,0,0,0
St. Hilda's Primary School,2022-01-01,270,210,141,141,69,94,69,20,40,20,41,144,41,0,0,0,0,0,0
St. Joseph's Institution Junior,2022-01-01,240,180,73,73,107,56,56,38,84,38,78,106,78,0,0,0,0,0,0
St. Margaret's Primary School,2022-01-01,192,132,46,46,86,26,26,40,19,19,101,122,101,0,0,0,0,0,0
St. Stephen's School,2022-01-01,240,180,35,35,145,19,19,62,23,23,163,66,66,97,86,86,11,0,0
Tampines Primary School,2022-01-01,240,180,92,92,89,66,66,28,2,2,86,81,81,5,19,5,0,0,0
Tampines North Primary School,2022-01-01,240,180,81,81,99,13,13,49,0,0,146,46,46,100,48,48,52,0,0
Tanjong Katong Primary School,2022-01-01,200,140,85,85,55,27,27,30,14,14,75,98,75,0,0,0,0,0,0
Tao Nan School,2022-01-01,360,300,164,164,136,127,127,23,61,23,47,99,47,0,0,0,0,0,0
Teck Ghee Primary School,2022-01-01,210,150,73,73,77,13,13,41,6,6,118,92,92,26,26,26,0,0,0
Teck Whye Primary School,2022-01-01,240,180,58,58,123,12,12,57,0,0,172,27,27,145,43,43,102,0,0
Telok Kurau Primary School,2022-01-01,190,130,79,79,51,28,28,28,2,2,83,72,72,12,28,12,0,0,0
Temasek Primary School,2022-01-01,200,140,91,91,49,62,49,20,10,10,51,154,51,0,0,0,0,0,0
Townsville Primary School,2022-01-01,180,120,42,42,78,9,9,43,3,3,126,21,21,105,21,21,84,0,0
Unity Primary School,2022-01-01,210,150,76,76,74,10,10,41,0,0,124,52,52,72,9,9,63,0,0
Valour Primary School,2022-01-01,280,220,105,105,115,77,77,33,2,2,96,120,96,0,0,0,0,0,0
Waterway Primary School,2022-01-01,280,220,120,120,100,77,77,28,1,1,83,107,83,0,0,0,0,0,0
Wellington Primary School,2022-01-01,240,180,101,101,79,81,79,20,4,4,58,105,58,0,0,0,0,0,0
West Grove Primary School,2022-01-01,240,180,70,70,110,15,15,52,8,8,147,99,99,48,58,48,0,0,0
West Spring Primary School,2022-01-01,240,180,123,123,57,72,57,20,0,0,62,106,62,0,0,0,0,0,0
West View Primary School,2022-01-01,160,100,47,47,53,29,29,28,0,0,84,35,35,49,26,26,23,0,0
Westwood Primary School,2022-01-01,240,180,106,106,74,103,74,20,11,11,49,80,49,0,0,0,0,0,0
White Sands Primary School,2022-01-01,180,120,64,64,56,10,10,35,14,14,92,112,92,0,0,0,0,0,0
Woodgrove Primary School,2022-01-01,180,120,87,87,34,18,18,25,5,5,71,104,71,0,0,0,0,0,0
Woodlands Primary School,2022-01-01,210,150,91,91,59,26,26,31,13,13,80,112,80,0,0,0,0,0,0
Woodlands Ring Primary School,2022-01-01,240,180,79,79,101,20,20,47,0,0,141,66,66,75,36,36,39,0,0
Xinghua Primary School,2022-01-01,280,220,39,39,181,10,10,77,0,0,232,35,35,197,39,39,158,0,0
Xingnan Primary School,2022-01-01,300,240,87,87,153,25,25,63,1,1,187,64,64,123,33,33,90,0,0
Xinmin Primary School,2022-01-01,210,150,79,79,72,60,60,24,32,24,50,78,50,0,0,0,0,0,0
Xishan Primary School,2022-01-01,190,130,69,69,61,10,10,37,1,1,110,59,59,51,76,51,0,0,0
Yangzheng Primary School,2022-01-01,160,100,68,68,33,29,29,22,9,9,58,101,58,0,0,0,0,0,0
Yew Tee Primary School,2022-01-01,210,150,67,67,83,4,4,46,1,1,138,60,60,78,32,32,46,0,0
Yio Chu Kang Primary School,2022-01-01,200,140,55,55,85,5,5,47,0,0,141,36,36,105,93,93,12,0,0
Yishun Primary School,2022-01-01,180,120,65,65,55,15,15,33,0,0,100,42,42,58,58,58,0,0,0
Yu Neng Primary School,2022-01-01,180,120,78,78,42,43,42,20,10,10,52,83,52,0,0,0,0,0,0
Yuhua Primary School,2022-01-01,210,150,49,49,101,12,12,50,0,0,150,29,29,121,39,39,82,0,0
Yumin Primary School,2022-01-01,180,120,60,60,60,11,11,36,0,0,109,20,20,89,41,41,48,0,0
Zhangde Primary School,2022-01-01,180,120,75,75,45,11,11,31,1,1,93,92,92,1,8,1,0,0,0
Zhenghua Primary School,2022-01-01,240,180,91,91,89,59,59,30,0,0,90,68,68,23,25,23,0,0,0
Zhonghua Primary School,2022-01-01,150,90,28,28,62,6,6,39,1,1,115,7,7,108,30,30,78,0,0
Admiralty Primary School,2021-01-01,210,170,83,83,87,28,0,50,60,50,50,93,50,0,0,0,0,0,0
Ahmad Ibrahim Primary School,2021-01-01,210,170,40,40,130,6,0,82,0,0,164,26,26,138,12,12,126,0,0
Ai Tong School,2021-01-01,300,260,147,147,113,113,226,20,38,20,20,66,20,0,0,0,0,0,0
Alexandra Primary School,2021-01-01,200,160,95,95,65,10,0,48,6,6,91,112,91,0,0,0,0,0,0
Anchor Green Primary School,2021-01-01,240,200,87,87,113,59,0,48,0,0,95,48,48,47,77,47,0,0,0
Anderson Primary School,2021-01-01,210,170,86,86,84,51,2,37,22,22,52,75,52,0,0,0,0,0,0
Ang Mo Kio Primary School,2021-01-01,240,200,48,48,152,11,0,91,0,0,181,50,50,131,30,30,101,0,0
Anglo-Chinese School (Junior),2021-01-01,270,230,88,88,142,116,194,33,54,33,33,51,33,0,0,0,0,0,0
Anglo-Chinese School (Primary),2021-01-01,240,200,59,59,141,130,206,26,44,26,25,40,25,0,0,0,0,0,0
Angsana Primary School,2021-01-01,240,200,38,38,162,9,0,97,0,0,195,79,79,116,68,68,48,0,0
Beacon Primary School,2021-01-01,240,200,72,72,128,10,0,80,0,0,160,51,51,109,21,21,88,0,0
Bedok Green Primary School,2021-01-01,270,230,53,53,177,14,0,102,0,0,204,35,35,170,64,64,106,0,0
Bendemeer Primary School,2021-01-01,240,200,59,59,141,8,0,87,0,0,173,53,53,123,64,64,59,0,0
Blangah Rise Primary School,2021-01-01,150,110,18,18,92,10,2,61,0,0,122,11,11,111,9,9,102,0,0
Boon Lay Garden Primary School,2021-01-01,240,200,61,61,139,6,0,87,0,0,175,41,41,134,54,54,80,0,0
Bukit Panjang Primary School,2021-01-01,240,200,97,97,103,77,34,33,21,21,47,71,47,0,0,0,0,0,0
Bukit Timah Primary School,2021-01-01,210,170,63,63,107,6,2,71,0,0,142,81,81,61,88,61,0,0,0
Bukit View Primary School,2021-01-01,240,200,63,63,137,11,0,83,0,0,166,37,37,129,92,92,37,0,0
CHIJ (Katong) Primary,2021-01-01,200,160,46,46,114,38,32,58,32,32,85,72,72,13,21,13,0,0,0
CHIJ (Kellock),2021-01-01,200,160,43,43,117,16,0,71,23,23,119,81,81,38,28,28,10,0,0
CHIJ Primary (Toa Payoh),2021-01-01,210,170,51,51,119,76,104,42,59,42,44,57,44,0,0,0,0,0,0
CHIJ Our Lady Queen Of Peace,2021-01-01,180,140,40,40,100,12,2,64,14,14,115,84,84,31,27,27,4,0,0
CHIJ Our Lady Of Good Counsel,2021-01-01,150,110,43,43,67,25,0,42,18,18,65,54,54,11,19,11,0,0,0
CHIJ Our Lady Of The Nativity,2021-01-01,240,200,54,54,146,31,0,78,57,57,100,104,100,0,0,0,0,0,0
CHIJ St. Nicholas Girls' School,2021-01-01,210,170,93,93,77,121,154,20,40,20,20,61,20,0,0,0,0,0,0
Canberra Primary School,2021-01-01,240,200,85,85,115,18,2,69,9,9,129,159,129,0,0,0,0,0,0
Canossa Catholic Primary School,2021-01-01,150,110,33,33,77,13,10,53,14,14,92,59,59,33,53,33,0,0,0
Cantonment Primary School,2021-01-01,240,200,60,60,140,2,0,89,1,1,177,66,66,113,30,30,83,0,0
Casuarina Primary School,2021-01-01,160,120,63,63,57,21,2,38,0,0,77,44,44,33,37,33,0,0,0
Catholic High School (Primary),2021-01-01,240,200,81,81,119,123,238,20,35,20,21,48,21,0,0,0,0,0,0
Cedar Primary School,2021-01-01,240,200,36,36,164,10,0,97,1,1,193,72,72,121,48,48,73,0,0
Changkat Primary School,2021-01-01,210,170,46,46,124,14,0,75,0,0,150,56,56,94,15,15,79,0,0
Chongfu School,2021-01-01,300,260,140,140,120,93,80,34,52,34,33,126,33,0,0,0,0,0,0
Chongzheng Primary School,2021-01-01,180,140,87,87,53,50,0,23,15,15,30,65,30,0,0,0,0,0,0
Chua Chu Kang Primary School,2021-01-01,240,200,92,92,108,39,0,55,11,11,99,159,99,0,0,0,0,0,0
Clementi Primary School,2021-01-01,280,240,94,94,146,27,0,80,4,4,159,100,100,60,90,60,0,0,0
Compassvale Primary School,2021-01-01,240,200,91,91,109,13,0,68,22,22,116,143,116,0,0,0,0,0,0
Concord Primary School,2021-01-01,240,200,94,94,106,24,0,61,4,4,118,113,113,5,47,5,0,0,0
Corporation Primary School,2021-01-01,270,230,72,72,158,12,2,93,0,0,187,39,39,148,41,41,107,0,0
Damai Primary School,2021-01-01,240,200,33,33,167,9,0,99,0,0,198,40,40,159,16,16,143,0,0
Dazhong Primary School,2021-01-01,200,160,71,71,89,40,0,45,1,1,88,72,72,16,69,16,0,0,0
De La Salle School,2021-01-01,240,200,95,95,105,28,16,59,15,15,102,100,100,2,7,2,0,0,0
East Spring Primary School,2021-01-01,210,170,67,67,103,0,0,72,0,0,143,70,70,73,34,34,39,0,0
Edgefield Primary School,2021-01-01,240,200,100,100,100,6,0,67,0,0,134,80,80,54,64,54,0,0,0
Elias Park Primary School,2021-01-01,190,150,81,81,69,21,0,44,0,0,89,108,89,0,0,0,0,0,0
Endeavour Primary School,2021-01-01,240,200,74,74,126,8,0,80,3,3,156,70,70,86,65,65,21,0,0
Evergreen Primary School,2021-01-01,210,170,84,84,86,15,0,56,0,0,112,72,72,40,37,37,3,0,0
Fairfield Methodist School (Primary),2021-01-01,270,230,124,124,106,102,150,23,41,23,24,72,24,0,0,0,0,0,0
Farrer Park Primary School,2021-01-01,220,180,48,48,132,14,0,79,0,0,159,34,34,126,49,49,77,0,0
Fengshan Primary School,2021-01-01,180,140,70,70,70,29,0,41,1,1,81,91,81,0,0,0,0,0,0
Fern Green Primary School,2021-01-01,280,240,119,119,121,66,2,48,2,2,93,101,93,0,0,0,0,0,0
Fernvale Primary School,2021-01-01,280,240,80,80,160,53,0,74,0,0,148,81,81,69,62,62,7,0,0
First Toa Payoh Primary School,2021-01-01,210,170,18,18,152,10,0,91,0,0,182,19,19,164,46,46,118,0,0
Frontier Primary School,2021-01-01,210,170,87,87,83,112,2,21,14,14,29,58,29,0,0,0,0,0,0
Fuchun Primary School,2021-01-01,210,170,73,73,97,13,0,62,0,0,124,50,50,74,9,9,65,0,0
Fuhua Primary School,2021-01-01,220,180,88,88,92,25,0,54,0,0,108,58,58,50,62,50,0,0,0
Gan Eng Seng Primary School,2021-01-01,210,170,40,40,130,4,0,83,0,0,167,29,29,141,18,18,123,0,0
Geylang Methodist School (Primary),2021-01-01,270,230,87,87,143,32,20,76,10,10,141,141,141,0,0,0,0,0,0
Gongshang Primary School,2021-01-01,210,170,108,108,62,98,74,21,19,19,22,85,22,0,0,0,0,0,0
Greendale Primary School,2021-01-01,280,240,59,59,181,2,0,110,0,0,219,30,30,189,115,115,74,0,0
Greenridge Primary School,2021-01-01,240,200,77,77,123,18,0,73,0,0,145,46,46,99,26,26,73,0,0
Greenwood Primary School,2021-01-01,240,200,81,81,119,11,0,74,1,1,147,101,101,46,49,46,0,0,0
Haig Girls' School,2021-01-01,190,150,45,45,106,35,28,56,0,0,115,119,115,0,0,0,0,0,0
Henry Park Primary School,2021-01-01,300,260,136,136,124,117,184,25,26,25,24,80,24,0,0,0,0,0,0
Holy Innocents' Primary School,2021-01-01,270,230,129,129,101,112,92,21,47,21,21,65,21,0,0,0,0,0,0
Hong Wen School,2021-01-01,210,170,83,83,87,39,34,45,19,19,71,149,71,0,0,0,0,0,0
Horizon Primary School,2021-01-01,240,200,138,138,62,102,0,21,13,13,28,109,28,0,0,0,0,0,0
Hougang Primary School,2021-01-01,200,160,71,71,89,14,0,58,17,17,99,140,99,0,0,0,0,0,0
Huamin Primary School,2021-01-01,280,240,133,133,107,86,2,31,0,0,62,116,62,0,0,0,0,0,0
Innova Primary School,2021-01-01,180,140,88,88,52,9,0,42,11,11,73,83,73,0,0,0,0,0,0
Jiemin Primary School,2021-01-01,220,180,64,64,116,24,0,66,2,2,130,76,76,55,23,23,32,0,0
Jing Shan Primary School,2021-01-01,160,120,64,64,56,22,0,37,0,0,75,72,72,5,5,5,0,0,0
Junyuan Primary School,2021-01-01,240,200,75,75,125,58,0,54,0,0,109,96,96,14,39,14,0,0,0
Jurong Primary School,2021-01-01,190,150,72,72,78,36,0,41,0,0,86,80,80,6,20,6,0,0,0
Jurong West Primary School,2021-01-01,180,140,72,72,68,18,2,45,6,6,85,111,85,0,0,0,0,0,0
Keming Primary School,2021-01-01,210,170,88,88,82,42,4,40,16,16,66,126,66,0,0,0,0,0,0
Kheng Cheng School,2021-01-01,240,200,125,125,75,23,6,46,0,0,94,127,94,0,0,0,0,0,0
Kong Hwa School,2021-01-01,270,230,129,129,101,57,62,43,45,43,42,72,42,0,0,0,0,0,0
Kranji Primary School,2021-01-01,180,140,30,30,110,25,0,63,0,0,125,13,13,112,10,10,102,0,0
Kuo Chuan Presbyterian Primary School,2021-01-01,240,200,82,82,118,43,18,58,51,51,66,91,66,0,0,0,0,0,0
Lakeside Primary School,2021-01-01,240,200,100,100,100,35,2,53,0,0,105,143,105,0,0,0,0,0,0
Lianhua Primary School,2021-01-01,240,200,51,51,149,16,0,87,0,0,173,38,38,135,42,42,93,0,0
Maha Bodhi School,2021-01-01,330,290,130,130,160,105,110,48,52,48,50,71,50,0,0,0,0,0,0
Maris Stella High School,2021-01-01,270,230,53,53,177,97,146,60,73,60,62,72,62,0,0,0,0,0,0
Marsiling Primary School,2021-01-01,210,170,64,64,106,14,0,67,0,0,134,78,78,56,12,12,44,0,0
Marymount Convent School,2021-01-01,240,200,44,44,156,7,2,95,25,25,166,93,93,74,92,74,0,0,0
Mayflower Primary School,2021-01-01,190,150,47,47,103,11,0,66,0,0,132,34,34,98,53,53,45,0,0
Mee Toh School,2021-01-01,320,280,141,141,139,37,14,72,64,64,80,152,80,0,0,0,0,0,0
Meridian Primary School,2021-01-01,190,150,35,35,115,4,0,76,0,0,153,24,24,129,5,5,124,0,0
Methodist Girls' School (Primary),2021-01-01,210,170,78,78,92,78,138,27,45,27,27,51,27,0,0,0,0,0,0
Montfort Junior School,2021-01-01,180,140,20,20,120,9,4,76,14,14,137,45,45,94,50,50,44,0,0
Nan Chiau Primary School,2021-01-01,300,260,134,134,126,43,40,62,88,62,64,204,64,0,0,0,0,0,0
Nan Hua Primary School,2021-01-01,240,200,107,107,93,109,176,21,34,21,21,141,21,0,0,0,0,0,0
Nanyang Primary School,2021-01-01,390,350,210,210,140,150,280,20,31,20,20,61,20,0,0,0,0,0,0
Naval Base Primary School,2021-01-01,280,240,118,118,122,66,0,48,0,0,96,108,96,0,0,0,0,0,0
New Town Primary School,2021-01-01,270,230,37,37,193,8,0,113,0,0,225,24,24,201,31,31,170,0,0
Ngee Ann Primary School,2021-01-01,240,200,86,86,114,33,4,61,3,3,120,141,120,0,0,0,0,0,0
North Spring Primary School,2021-01-01,240,200,68,68,132,7,0,83,0,0,166,54,54,112,38,38,74,0,0
North View Primary School,2021-01-01,240,200,78,78,122,16,2,73,0,0,147,104,104,43,87,43,0,0,0
North Vista Primary School,2021-01-01,270,230,74,74,157,52,0,73,1,1,145,64,64,81,47,47,34,0,0
Northland Primary School,2021-01-01,240,200,109,109,91,77,42,27,36,27,28,191,28,0,0,0,0,0,0
Northoaks Primary School,2021-01-01,210,170,58,58,112,12,0,70,0,0,140,17,17,123,17,17,106,0,0
Northshore Primary School,2021-01-01,240,200,6,6,194,0,0,117,1,1,233,93,93,140,79,79,61,0,0
Oasis Primary School,2021-01-01,280,240,124,124,116,70,2,43,0,0,86,97,86,0,0,0,0,0,0
Opera Estate Primary School,2021-01-01,190,150,62,62,88,16,0,56,0,0,112,77,77,37,31,31,6,0,0
Palm View Primary School,2021-01-01,280,240,96,96,144,10,0,87,3,3,172,89,89,86,61,61,25,0,0
Park View Primary School,2021-01-01,180,140,53,53,87,10,0,59,0,0,118,83,83,35,23,23,12,0,0
Pasir Ris Primary School,2021-01-01,180,140,82,82,59,45,2,28,22,22,33,54,33,0,0,0,0,0,0
Paya Lebar Methodist Girls' School (Primary),2021-01-01,270,230,73,73,157,85,112,56,51,51,62,105,62,0,0,0,0,0,0
Pei Chun Public School,2021-01-01,300,260,130,130,130,138,198,21,26,21,21,43,21,0,0,0,0,0,0
Pei Hwa Presbyterian Primary School,2021-01-01,224,184,113,113,71,86,142,21,31,21,21,53,21,0,0,0,0,0,0
Pei Tong Primary School,2021-01-01,280,240,52,52,188,40,10,94,0,0,188,39,39,150,79,79,71,0,0
Peiying Primary School,2021-01-01,220,180,76,76,104,18,0,63,0,0,126,44,44,84,93,84,0,0,0
Poi Ching School,2021-01-01,240,200,88,88,112,30,22,61,44,44,79,195,79,0,0,0,0,0,0
Princess Elizabeth Primary School,2021-01-01,200,160,92,92,68,57,26,26,7,7,45,236,45,0,0,0,0,0,0
Punggol Primary School,2021-01-01,190,150,91,91,59,20,0,40,10,10,70,104,70,0,0,0,0,0,0
Punggol Cove Primary School,2021-01-01,280,240,116,116,124,63,0,51,1,1,102,96,96,6,13,6,0,0,0
Punggol Green Primary School,2021-01-01,250,210,118,118,92,96,0,20,3,3,37,97,37,0,0,0,0,0,0
Punggol View Primary School,2021-01-01,280,240,112,112,128,92,2,39,1,1,76,66,66,11,27,11,0,0,0
Qifa Primary School,2021-01-01,280,240,101,101,139,54,0,63,14,14,112,141,112,0,0,0,0,0,0
Qihua Primary School,2021-01-01,240,200,79,79,121,24,2,69,0,0,137,52,52,85,12,12,73,0,0
Queenstown Primary School,2021-01-01,240,200,93,93,107,27,0,60,1,1,119,112,112,7,13,7,0,0,0
Radin Mas Primary School,2021-01-01,200,160,82,82,78,69,60,25,12,12,39,76,39,0,0,0,0,0,0
Raffles Girls' Primary School,2021-01-01,270,230,64,64,166,71,90,68,39,39,97,116,97,0,0,0,0,0,0
Red Swastika School,2021-01-01,240,200,94,94,106,102,174,22,19,19,25,77,25,0,0,0,0,0,0
River Valley Primary School,2021-01-01,210,170,92,92,78,46,0,38,27,27,49,72,49,0,0,0,0,0,0
Riverside Primary School,2021-01-01,210,170,81,81,89,82,0,24,1,1,46,88,46,0,0,0,0,0,0
Rivervale Primary School,2021-01-01,240,200,92,92,108,20,0,65,21,21,108,136,108,0,0,0,0,0,0
Rosyth School,2021-01-01,270,230,149,149,81,102,162,21,31,21,22,101,22,0,0,0,0,0,0
Rulang Primary School,2021-01-01,270,230,134,134,96,132,142,20,24,20,20,92,20,0,0,0,0,0,0
Sembawang Primary School,2021-01-01,190,150,76,76,74,10,0,52,0,0,104,123,104,0,0,0,0,0,0
Seng Kang Primary School,2021-01-01,270,230,62,62,168,11,0,99,0,0,198,31,31,167,55,55,112,0,0
Sengkang Green Primary School,2021-01-01,280,240,116,116,124,78,0,44,14,14,74,117,74,0,0,0,0,0,0
Shuqun Primary School,2021-01-01,200,160,83,83,77,53,12,32,9,9,55,97,55,0,0,0,0,0,0
Si Ling Primary School,2021-01-01,150,110,38,38,72,9,0,52,0,0,103,24,24,79,8,8,71,0,0
Singapore Chinese Girls’ School (Primary),2021-01-01,192,152,61,61,91,70,120,31,37,31,30,39,30,0,0,0,0,0,0
South View Primary School,2021-01-01,270,230,116,116,114,120,82,21,23,21,20,130,20,0,0,0,0,0,0
Springdale Primary School,2021-01-01,280,240,140,140,100,81,0,30,2,2,59,86,59,0,0,0,0,0,0
St. Andrew's Junior School,2021-01-01,240,200,72,72,129,81,94,45,25,25,64,105,64,0,0,0,0,0,0
St. Anthony's Primary School,2021-01-01,210,170,80,80,90,52,34,39,29,29,51,89,51,0,0,0,0,0,0
St. Anthony's Canossian Primary School,2021-01-01,240,200,58,58,142,10,2,86,12,12,161,37,37,124,54,54,70,0,0
St. Gabriel's Primary School,2021-01-01,150,110,28,28,82,24,10,50,17,17,83,75,75,8,22,8,0,0,0
St. Hilda's Primary School,2021-01-01,270,230,133,133,97,100,134,21,51,21,20,118,20,0,0,0,0,0,0
St. Joseph's Institution Junior,2021-01-01,240,200,62,62,138,61,86,59,98,59,59,85,59,0,0,0,0,0,0
St. Margaret's Primary School,2021-01-01,192,152,53,53,100,34,38,54,16,16,91,110,91,0,0,0,0,0,0
St. Stephen's School,2021-01-01,240,200,48,48,152,21,6,86,26,26,145,77,77,68,56,56,12,0,0
Tampines Primary School,2021-01-01,240,200,96,96,104,44,2,51,0,0,102,105,102,0,0,0,0,0,0
Tampines North Primary School,2021-01-01,240,200,74,74,126,11,0,78,0,0,155,62,62,93,57,57,36,0,0
Tanjong Katong Primary School,2021-01-01,200,160,78,78,82,35,0,44,12,12,78,94,78,0,0,0,0,0,0
Tao Nan School,2021-01-01,360,320,174,174,146,150,238,20,57,20,23,48,23,0,0,0,0,0,0
Teck Ghee Primary School,2021-01-01,210,170,77,77,93,16,0,59,9,9,110,93,93,18,29,18,0,0,0
Teck Whye Primary School,2021-01-01,240,200,56,56,144,9,0,88,0,0,175,12,12,163,42,42,121,0,0
Telok Kurau Primary School,2021-01-01,220,180,99,99,81,25,4,48,1,1,95,63,63,32,28,28,4,0,0
Temasek Primary School,2021-01-01,200,160,108,108,52,76,82,21,11,11,30,95,30,0,0,0,0,0,0
Townsville Primary School,2021-01-01,190,150,41,41,109,16,2,67,0,0,135,36,36,101,28,28,73,0,0
Unity Primary School,2021-01-01,240,200,77,77,123,10,0,77,0,0,155,61,61,94,4,4,90,0,0
Valour Primary School,2021-01-01,280,240,65,65,175,71,0,72,0,0,144,159,144,0,0,0,0,0,0
Waterway Primary School,2021-01-01,280,240,149,149,91,82,0,25,1,1,48,105,48,0,0,0,0,0,0
Wellington Primary School,2021-01-01,240,200,93,93,107,48,0,50,3,3,97,119,97,0,0,0,0,0,0
West Grove Primary School,2021-01-01,240,200,74,74,126,10,0,78,5,5,151,98,98,53,66,53,0,0,0
West Spring Primary School,2021-01-01,240,200,108,108,92,83,0,25,8,8,41,103,41,0,0,0,0,0,0
West View Primary School,2021-01-01,180,140,38,38,102,6,0,68,0,0,136,37,37,99,24,24,75,0,0
Westwood Primary School,2021-01-01,240,200,86,86,114,106,0,24,9,9,40,99,40,0,0,0,0,0,0
White Sands Primary School,2021-01-01,180,140,83,83,57,11,0,43,9,9,78,104,78,0,0,0,0,0,0
Woodgrove Primary School,2021-01-01,180,140,73,73,67,13,4,47,5,5,89,92,89,0,0,0,0,0,0
Woodlands Primary School,2021-01-01,210,170,94,94,76,35,0,41,5,5,77,115,77,0,0,0,0,0,0
Woodlands Ring Primary School,2021-01-01,240,200,80,80,120,14,0,73,0,0,147,62,62,85,29,29,56,0,0
Xinghua Primary School,2021-01-01,240,200,43,43,157,11,0,93,0,0,187,34,34,154,47,47,107,0,0
Xingnan Primary School,2021-01-01,300,260,72,72,188,23,0,103,1,1,204,99,99,105,56,56,49,0,0
Xinmin Primary School,2021-01-01,210,170,87,87,83,47,2,38,20,20,58,103,58,0,0,0,0,0,0
Xishan Primary School,2021-01-01,220,180,90,90,90,18,0,56,0,0,112,72,72,40,72,40,0,0,0
Yangzheng Primary School,2021-01-01,180,140,68,68,72,30,10,41,15,15,68,93,68,0,0,0,0,0,0
Yew Tee Primary School,2021-01-01,240,200,72,72,128,10,2,79,3,3,155,65,65,90,44,44,46,0,0
Yio Chu Kang Primary School,2021-01-01,200,160,46,46,114,0,0,77,0,0,154,40,40,114,83,83,31,0,0
Yishun Primary School,2021-01-01,200,160,82,82,78,23,0,48,1,1,94,64,64,32,41,32,0,0,0
Yu Neng Primary School,2021-01-01,180,140,79,79,61,60,44,21,10,10,33,56,33,0,0,0,0,0,0
Yuhua Primary School,2021-01-01,240,200,50,50,150,15,0,88,0,0,175,37,37,138,63,63,75,0,0
Yumin Primary School,2021-01-01,180,140,58,58,82,20,0,51,0,0,104,28,28,76,85,76,0,0,0
Zhangde Primary School,2021-01-01,210,170,82,82,88,16,2,57,0,0,113,85,85,28,40,28,0,0,0
Zhenghua Primary School,2021-01-01,240,200,78,78,122,37,0,63,1,1,124,92,92,32,45,32,0,0,0
Zhonghua Primary School,2021-01-01,180,140,30,30,110,6,0,72,0,0,144,17,17,129,30,30,99,0,0
Admiralty Primary School,2020-01-01,210,170,89,89,81,24,2,49,48,48,50,79,50,0,0,0,0,0,0
Ahmad Ibrahim Primary School,2020-01-01,240,200,38,38,162,8,2,97,0,0,194,31,31,163,14,14,149,0,0
Ai Tong School,2020-01-01,300,260,143,143,117,139,220,20,27,20,20,64,20,0,0,0,0,0,0
Alexandra Primary School,2020-01-01,200,160,103,103,57,5,0,47,14,14,83,132,83,0,0,0,0,0,0
Anchor Green Primary School,2020-01-01,240,200,108,108,92,31,0,51,1,1,101,62,62,39,83,39,0,0,0
Anderson Primary School,2020-01-01,210,170,90,90,80,61,0,30,21,21,38,65,38,0,0,0,0,0,0
Ang Mo Kio Primary School,2020-01-01,210,170,60,60,110,10,0,70,0,0,143,39,39,104,31,31,73,0,0
Anglo-Chinese School (Junior),2020-01-01,270,230,93,93,137,127,214,26,59,26,25,41,25,0,0,0,0,0,0
Anglo-Chinese School (Primary),2020-01-01,240,200,68,68,132,123,190,25,50,25,26,46,26,0,0,0,0,0,0
Angsana Primary School,2020-01-01,240,200,31,31,169,4,2,103,0,0,205,21,21,184,46,46,138,0,0
Beacon Primary School,2020-01-01,270,230,68,68,162,5,0,99,0,0,197,65,65,135,40,40,95,0,0
Bedok Green Primary School,2020-01-01,240,200,66,66,134,20,0,77,0,0,154,23,23,131,85,85,46,0,0
Bendemeer Primary School,2020-01-01,180,140,57,57,83,13,0,55,1,1,109,45,45,64,52,52,12,0,0
Blangah Rise Primary School,2020-01-01,180,140,17,17,123,14,0,75,0,0,149,17,17,132,16,16,116,0,0
Boon Lay Garden Primary School,2020-01-01,240,200,60,60,140,7,0,87,0,0,173,36,36,137,45,45,92,0,0
Bukit Panjang Primary School,2020-01-01,240,200,104,104,96,46,14,46,24,24,67,85,67,0,0,0,0,0,0
Bukit Timah Primary School,2020-01-01,210,170,60,60,110,4,2,73,1,1,145,91,91,59,104,59,0,0,0
Bukit View Primary School,2020-01-01,240,200,57,57,143,7,0,88,0,0,176,26,26,151,82,82,69,0,0
CHIJ (Katong) Primary,2020-01-01,200,160,44,44,116,35,12,61,15,15,107,68,68,39,69,39,0,0,0
CHIJ (Kellock),2020-01-01,200,160,46,46,114,22,0,67,26,26,109,104,104,5,14,5,0,0,0
CHIJ Primary (Toa Payoh),2020-01-01,210,170,64,64,106,77,108,35,63,35,35,49,35,0,0,0,0,0,0
CHIJ Our Lady Queen Of Peace,2020-01-01,180,140,40,40,100,10,0,66,23,23,108,70,70,38,43,38,0,0,0
CHIJ Our Lady Of Good Counsel,2020-01-01,150,110,29,29,81,14,0,54,20,20,87,97,87,0,0,0,0,0,0
CHIJ Our Lady Of The Nativity,2020-01-01,240,200,62,62,138,32,0,74,65,65,84,97,84,0,0,0,0,0,0
CHIJ St. Nicholas Girls' School,2020-01-01,210,170,69,69,101,106,202,21,32,21,21,49,21,0,0,0,0,0,0
Canberra Primary School,2020-01-01,240,200,110,110,90,16,0,57,64,57,57,116,57,0,0,0,0,0,0
Canossa Catholic Primary School,2020-01-01,120,80,33,33,47,9,4,39,13,13,67,59,59,8,20,8,0,0,0
Cantonment Primary School,2020-01-01,240,200,77,77,123,6,0,79,0,0,160,44,44,116,76,76,40,0,0
Casuarina Primary School,2020-01-01,180,140,69,69,71,12,0,50,0,0,99,90,90,10,40,10,0,0,0
Catholic High School (Primary),2020-01-01,240,200,70,70,130,136,250,21,41,21,21,47,21,0,0,0,0,0,0
Cedar Primary School,2020-01-01,240,200,55,55,145,9,0,88,1,1,175,41,41,134,31,31,103,0,0
Changkat Primary School,2020-01-01,210,170,46,46,124,16,2,74,1,1,147,70,70,78,20,20,58,0,0
Chongfu School,2020-01-01,300,260,128,128,132,92,72,40,45,40,41,133,41,0,0,0,0,0,0
Chongzheng Primary School,2020-01-01,180,140,78,78,62,49,0,27,23,23,33,52,33,0,0,0,0,0,0
Chua Chu Kang Primary School,2020-01-01,240,200,109,109,91,19,0,56,14,14,98,182,98,0,0,0,0,0,0
Clementi Primary School,2020-01-01,240,200,76,76,124,14,0,75,5,5,145,122,122,23,65,23,0,0,0
Compassvale Primary School,2020-01-01,240,200,91,91,109,12,0,69,20,20,118,130,118,0,0,0,0,0,0
Concord Primary School,2020-01-01,240,200,107,107,93,21,2,56,4,4,108,120,108,0,0,0,0,0,0
Corporation Primary School,2020-01-01,240,200,83,83,117,11,0,73,0,0,146,57,57,89,65,65,24,0,0
Damai Primary School,2020-01-01,180,140,34,34,106,16,0,65,0,0,131,37,37,96,40,40,56,0,0
Dazhong Primary School,2020-01-01,200,160,60,60,100,36,0,52,0,0,104,43,43,62,135,62,0,0,0
De La Salle School,2020-01-01,240,200,89,89,111,31,4,60,20,20,104,105,104,0,0,0,0,0,0
East Spring Primary School,2020-01-01,180,140,54,54,86,9,0,59,1,1,116,67,67,50,23,23,27,0,0
Edgefield Primary School,2020-01-01,240,200,95,95,105,12,0,67,0,0,134,79,79,56,80,56,0,0,0
Elias Park Primary School,2020-01-01,180,140,85,85,55,12,0,42,0,0,84,98,84,0,0,0,0,0,0
Endeavour Primary School,2020-01-01,240,200,90,90,110,7,0,72,4,4,140,76,76,64,67,64,0,0,0
Eunos Primary School,2020-01-01,150,110,42,42,68,9,0,50,0,0,99,25,25,74,19,19,55,0,0
Evergreen Primary School,2020-01-01,210,170,96,96,74,18,0,49,3,3,95,91,91,5,19,5,0,0,0
Fairfield Methodist School (Primary),2020-01-01,270,230,113,113,117,110,166,25,51,25,27,64,27,0,0,0,0,0,0
Farrer Park Primary School,2020-01-01,180,140,32,32,108,11,0,69,1,1,136,32,32,104,44,44,60,0,0
Fengshan Primary School,2020-01-01,180,140,89,89,51,29,2,31,0,0,62,110,62,0,0,0,0,0,0
Fern Green Primary School,2020-01-01,280,240,105,105,135,73,2,51,7,7,95,126,95,0,0,0,0,0,0
Fernvale Primary School,2020-01-01,280,240,107,107,133,33,4,70,0,0,140,71,71,70,77,70,0,0,0
First Toa Payoh Primary School,2020-01-01,180,140,16,16,124,4,0,80,0,0,160,16,16,144,36,36,108,0,0
Frontier Primary School,2020-01-01,210,170,99,99,71,71,0,20,17,17,23,71,23,0,0,0,0,0,0
Fuchun Primary School,2020-01-01,180,140,83,83,57,22,0,38,0,0,75,55,55,22,8,8,14,0,0
Fuhua Primary School,2020-01-01,210,170,76,76,94,23,0,56,0,0,113,96,96,18,39,18,0,0,0
Gan Eng Seng Primary School,2020-01-01,210,170,58,58,112,2,0,75,0,0,152,45,45,107,51,51,56,0,0
Geylang Methodist School (Primary),2020-01-01,270,230,84,84,146,37,20,75,10,10,141,123,123,18,36,18,0,0,0
Gongshang Primary School,2020-01-01,210,170,107,107,63,71,76,21,21,21,21,91,21,0,0,0,0,0,0
Greendale Primary School,2020-01-01,280,240,56,56,185,6,0,110,0,0,219,52,52,170,89,89,81,0,0
Greenridge Primary School,2020-01-01,270,230,96,96,134,18,0,78,0,0,156,61,61,95,43,43,52,0,0
Greenwood Primary School,2020-01-01,240,200,93,93,107,9,0,70,0,0,139,114,114,26,29,26,0,0,0
Guangyang Primary School,2020-01-01,150,110,19,19,91,4,2,64,0,0,127,15,15,112,35,35,77,0,0
Haig Girls' School,2020-01-01,180,140,40,40,100,25,20,58,15,15,102,117,102,0,0,0,0,0,0
Henry Park Primary School,2020-01-01,300,260,155,155,105,118,162,20,23,20,20,56,20,0,0,0,0,0,0
Holy Innocents' Primary School,2020-01-01,270,230,95,95,135,93,72,41,58,41,43,81,43,0,0,0,0,0,0
Hong Wen School,2020-01-01,210,170,75,75,95,35,22,50,27,27,73,138,73,0,0,0,0,0,0
Horizon Primary School,2020-01-01,240,200,134,134,66,16,0,46,24,24,68,140,68,0,0,0,0,0,0
Hougang Primary School,2020-01-01,210,170,90,90,80,17,0,52,19,19,84,139,84,0,0,0,0,0,0
Huamin Primary School,2020-01-01,280,240,97,97,143,63,0,60,0,0,123,141,123,0,0,0,0,0,0
Innova Primary School,2020-01-01,180,140,83,83,57,11,0,43,21,21,65,87,65,0,0,0,0,0,0
Jiemin Primary School,2020-01-01,220,180,79,79,101,39,0,51,1,1,101,74,74,27,14,14,13,0,0
Jing Shan Primary School,2020-01-01,160,120,62,62,58,19,0,40,2,2,79,60,60,19,26,19,0,0,0
Junyuan Primary School,2020-01-01,210,170,86,86,84,42,0,42,1,1,82,87,82,0,0,0,0,0,0
Jurong Primary School,2020-01-01,180,140,92,92,48,39,0,25,0,0,49,60,49,0,0,0,0,0,0
Jurong West Primary School,2020-01-01,180,140,83,83,57,17,4,41,11,11,70,74,70,0,0,0,0,0,0
Juying Primary School,2020-01-01,120,80,22,22,58,2,0,48,0,0,96,10,10,86,30,30,56,0,0
Keming Primary School,2020-01-01,210,170,82,82,88,41,6,44,21,21,67,144,67,0,0,0,0,0,0
Kheng Cheng School,2020-01-01,240,200,85,85,115,21,6,67,3,3,132,140,132,0,0,0,0,0,0
Kong Hwa School,2020-01-01,270,230,115,115,116,74,86,42,41,41,44,91,44,0,0,0,0,0,0
Kranji Primary School,2020-01-01,210,170,31,31,139,13,0,84,0,0,168,12,12,157,22,22,135,0,0
Kuo Chuan Presbyterian Primary School,2020-01-01,240,200,120,120,80,47,18,37,55,37,37,50,37,0,0,0,0,0,0
Lakeside Primary School,2020-01-01,240,200,94,94,106,20,0,63,0,0,126,138,126,0,0,0,0,0,0
Lianhua Primary School,2020-01-01,240,200,60,60,140,4,0,88,0,0,176,22,22,154,71,71,83,0,0
Maha Bodhi School,2020-01-01,330,290,131,131,159,89,98,55,53,53,60,105,60,0,0,0,0,0,0
Maris Stella High School,2020-01-01,270,230,80,80,150,92,118,50,67,50,51,64,51,0,0,0,0,0,0
Marsiling Primary School,2020-01-01,210,170,55,55,115,8,0,74,0,0,147,77,77,72,3,3,69,0,0
Marymount Convent School,2020-01-01,240,200,41,41,159,8,4,96,9,9,183,72,72,111,155,111,0,0,0
Mayflower Primary School,2020-01-01,180,140,39,39,101,10,2,66,0,0,132,30,30,102,41,41,61,0,0
Mee Toh School,2020-01-01,320,280,151,151,129,29,14,70,50,50,90,160,90,0,0,0,0,0,0
Meridian Primary School,2020-01-01,210,170,27,27,143,5,0,89,0,0,178,31,31,148,12,12,136,0,0
Methodist Girls' School (Primary),2020-01-01,210,170,64,64,106,93,158,27,39,27,26,39,26,0,0,0,0,0,0
Montfort Junior School,2020-01-01,120,80,18,18,62,11,2,46,5,5,86,63,63,23,37,23,0,0,0
Nan Chiau Primary School,2020-01-01,300,260,118,118,142,38,28,72,81,72,72,225,72,0,0,0,0,0,0
Nan Hua Primary School,2020-01-01,240,200,123,123,77,84,154,20,19,19,22,115,22,0,0,0,0,0,0
Nanyang Primary School,2020-01-01,390,350,182,182,168,184,280,21,48,21,20,78,20,0,0,0,0,0,0
Naval Base Primary School,2020-01-01,280,240,95,95,145,23,0,81,2,2,160,116,116,45,73,45,0,0,0
New Town Primary School,2020-01-01,270,230,45,45,185,6,0,110,0,0,220,27,27,194,62,62,132,0,0
Ngee Ann Primary School,2020-01-01,240,200,85,85,115,26,0,65,24,24,107,116,107,0,0,0,0,0,0
North Spring Primary School,2020-01-01,240,200,62,62,138,5,0,87,0,0,174,84,84,90,41,41,49,0,0
North View Primary School,2020-01-01,220,180,87,87,93,15,0,59,1,1,117,102,102,15,34,15,0,0,0
North Vista Primary School,2020-01-01,240,200,98,98,102,7,0,68,1,1,134,79,79,55,46,46,9,0,0
Northland Primary School,2020-01-01,240,200,98,98,102,67,42,38,28,28,49,215,49,0,0,0,0,0,0
Northoaks Primary School,2020-01-01,240,200,50,50,150,13,0,89,0,0,179,7,7,173,22,22,151,0,0
Northshore Primary School,2020-01-01,210,170,0,0,170,0,0,105,0,0,210,47,47,164,36,36,128,0,0
Oasis Primary School,2020-01-01,280,240,124,124,116,76,0,40,2,2,81,108,81,0,0,0,0,0,0
Opera Estate Primary School,2020-01-01,150,110,56,56,54,17,6,39,1,1,76,83,76,9,11,9,0,0,0
Palm View Primary School,2020-01-01,280,240,105,105,135,3,0,86,10,10,162,100,100,62,79,62,0,0,0
Park View Primary School,2020-01-01,180,140,48,48,92,7,0,63,0,0,125,95,95,32,35,32,0,0,0
Pasir Ris Primary School,2020-01-01,180,140,93,93,47,31,0,29,24,24,33,81,33,0,0,0,0,0,0
Paya Lebar Methodist Girls' School (Primary),2020-01-01,270,230,63,63,167,72,98,68,56,56,81,109,81,0,0,0,0,0,0
Pei Chun Public School,2020-01-01,300,260,149,149,111,116,156,22,30,22,21,68,21,0,0,0,0,0,0
Pei Hwa Presbyterian Primary School,2020-01-01,224,184,118,118,67,69,134,20,29,20,21,63,21,0,0,0,0,0,0
Pei Tong Primary School,2020-01-01,240,200,66,66,134,28,0,73,0,0,147,29,29,118,78,78,40,0,0
Peiying Primary School,2020-01-01,190,150,81,81,69,16,0,47,0,0,93,44,44,49,45,45,4,0,0
Pioneer Primary School,2020-01-01,150,110,53,53,57,6,0,46,0,0,93,20,20,74,35,35,39,0,0
Poi Ching School,2020-01-01,240,200,116,116,84,19,12,53,36,36,70,172,70,0,0,0,0,0,0
Princess Elizabeth Primary School,2020-01-01,200,160,120,120,40,50,0,20,2,2,38,226,38,0,0,0,0,0,0
Punggol Primary School,2020-01-01,200,160,68,68,92,15,0,59,12,12,106,124,106,0,0,0,0,0,0
Punggol Cove Primary School,2020-01-01,280,240,122,122,118,44,2,57,1,1,113,103,103,10,22,10,0,0,0
Punggol Green Primary School,2020-01-01,280,240,142,142,98,78,0,30,3,3,59,138,59,0,0,0,0,0,0
Punggol View Primary School,2020-01-01,240,200,124,124,76,73,0,22,0,0,44,58,44,0,0,0,0,0,0
Qifa Primary School,2020-01-01,240,200,106,106,94,42,0,46,22,22,70,97,70,0,0,0,0,0,0
Qihua Primary School,2020-01-01,210,170,57,57,113,16,2,69,4,4,133,69,69,65,25,25,40,0,0
Queenstown Primary School,2020-01-01,240,200,77,77,123,14,0,75,2,2,148,154,148,0,0,0,0,0,0
Radin Mas Primary School,2020-01-01,200,160,115,115,45,59,56,21,21,21,23,75,23,0,0,0,0,0,0
Raffles Girls' Primary School,2020-01-01,270,230,89,89,141,77,96,52,28,28,77,176,77,0,0,0,0,0,0
Red Swastika School,2020-01-01,240,200,108,108,92,98,146,21,11,11,30,65,30,0,0,0,0,0,0
River Valley Primary School,2020-01-01,210,170,111,111,60,40,2,31,27,27,35,62,35,0,0,0,0,0,0
Riverside Primary School,2020-01-01,210,170,104,104,66,53,0,27,1,1,52,89,52,0,0,0,0,0,0
Rivervale Primary School,2020-01-01,240,200,87,87,114,9,0,73,21,21,125,143,125,0,0,0,0,0,0
Rosyth School,2020-01-01,270,230,144,144,87,89,174,21,33,21,20,94,20,0,0,0,0,0,0
Rulang Primary School,2020-01-01,270,230,148,148,82,122,120,20,30,20,20,74,20,0,0,0,0,0,0
Sembawang Primary School,2020-01-01,190,150,76,76,74,9,0,53,0,0,105,109,105,0,0,0,0,0,0
Seng Kang Primary School,2020-01-01,240,200,82,82,118,8,0,75,0,0,152,40,40,114,56,56,58,0,0
Sengkang Green Primary School,2020-01-01,280,240,117,117,123,111,0,26,17,17,36,115,36,0,0,0,0,0,0
Shuqun Primary School,2020-01-01,200,160,108,108,52,48,12,22,13,13,31,86,31,0,0,0,0,0,0
Si Ling Primary School,2020-01-01,180,140,34,34,108,12,2,68,0,0,136,16,16,120,13,13,107,0,0
Singapore Chinese Girls’ School (Primary),2020-01-01,192,152,63,63,89,82,140,24,31,24,23,56,23,0,0,0,0,0,0
South View Primary School,2020-01-01,270,230,130,130,100,90,76,25,24,24,26,139,26,0,0,0,0,0,0
Springdale Primary School,2020-01-01,280,240,110,110,130,64,2,53,2,2,106,136,106,0,0,0,0,0,0
St. Andrew's Junior School,2020-01-01,240,200,48,48,152,61,84,66,44,44,89,122,89,0,0,0,0,0,0
St. Anthony's Primary School,2020-01-01,210,170,106,106,65,32,18,37,33,33,40,96,40,0,0,0,0,0,0
St. Anthony's Canossian Primary School,2020-01-01,240,200,51,51,149,12,6,89,12,12,167,38,38,129,51,51,78,0,0
St. Gabriel's Primary School,2020-01-01,150,110,22,22,88,18,12,55,32,32,78,80,78,0,0,0,0,0,0
St. Hilda's Primary School,2020-01-01,270,230,141,141,89,106,140,20,37,20,22,79,22,0,0,0,0,0,0
St. Joseph's Institution Junior,2020-01-01,240,200,60,60,140,65,94,58,82,58,57,75,57,0,0,0,0,0,0
St. Margaret's Primary School,2020-01-01,192,152,44,44,108,24,14,63,28,28,97,98,97,0,0,0,0,0,0
St. Stephen's School,2020-01-01,240,200,42,42,158,30,2,85,18,18,154,74,74,81,90,81,0,0,0
Stamford Primary School,2020-01-01,150,110,29,29,81,6,0,58,0,0,115,24,24,92,9,9,83,0,0
Tampines Primary School,2020-01-01,210,170,95,95,75,33,0,41,1,1,83,98,83,0,0,0,0,0,0
Tampines North Primary School,2020-01-01,240,200,78,78,122,15,2,74,0,0,147,82,82,66,95,66,0,0,0
Tanjong Katong Primary School,2020-01-01,200,160,80,80,80,30,2,46,3,3,89,114,89,0,0,0,0,0,0
Tao Nan School,2020-01-01,360,320,171,171,150,150,218,20,53,20,21,75,21,0,0,0,0,0,0
Teck Ghee Primary School,2020-01-01,210,170,74,74,96,26,0,55,14,14,96,119,96,0,0,0,0,0,0
Teck Whye Primary School,2020-01-01,240,200,47,47,152,10,0,91,0,0,183,23,23,161,73,73,88,0,0
Telok Kurau Primary School,2020-01-01,240,200,63,63,137,7,0,85,1,1,170,50,50,121,39,39,82,0,0
Temasek Primary School,2020-01-01,200,160,107,107,53,85,80,20,12,12,28,106,28,0,0,0,0,0,0
Townsville Primary School,2020-01-01,210,170,33,33,137,9,0,85,0,0,170,38,38,133,52,52,81,0,0
Unity Primary School,2020-01-01,240,200,74,74,126,9,0,79,0,0,158,83,83,76,19,19,57,0,0
Valour Primary School,2020-01-01,280,240,17,17,223,0,0,132,0,0,263,207,207,60,98,60,0,0,0
Waterway Primary School,2020-01-01,280,240,125,125,115,63,2,46,0,0,92,128,92,0,0,0,0,0,0
Wellington Primary School,2020-01-01,240,200,94,94,106,54,0,47,0,0,94,116,94,0,0,0,0,0,0
West Grove Primary School,2020-01-01,210,170,93,93,77,11,0,53,7,7,99,119,99,0,0,0,0,0,0
West Spring Primary School,2020-01-01,240,200,115,115,85,62,0,32,19,19,45,126,45,0,0,0,0,0,0
West View Primary School,2020-01-01,180,140,36,36,104,6,0,69,1,1,137,38,38,99,28,28,71,0,0
Westwood Primary School,2020-01-01,210,170,98,98,72,78,2,20,10,10,31,87,31,0,0,0,0,0,0
White Sands Primary School,2020-01-01,180,140,87,87,53,16,0,39,22,22,55,69,55,0,0,0,0,0,0
Woodgrove Primary School,2020-01-01,180,140,62,62,78,15,0,52,16,16,87,96,87,0,0,0,0,0,0
Woodlands Primary School,2020-01-01,210,170,97,97,73,27,0,43,3,3,84,95,84,0,0,0,0,0,0
Woodlands Ring Primary School,2020-01-01,210,170,89,89,81,9,0,57,0,0,116,67,67,50,41,41,9,0,0
Xinghua Primary School,2020-01-01,270,230,37,37,193,11,2,111,0,0,222,48,48,174,31,31,143,0,0
Xingnan Primary School,2020-01-01,210,170,70,70,100,27,6,57,6,6,110,63,63,47,50,47,0,0,0
Xinmin Primary School,2020-01-01,210,170,90,90,80,44,0,38,15,15,61,91,61,0,0,0,0,0,0
Xishan Primary School,2020-01-01,200,160,91,91,69,12,0,49,0,0,98,48,48,50,64,50,0,0,0
Yangzheng Primary School,2020-01-01,180,140,65,65,75,26,16,45,15,15,74,102,74,0,0,0,0,0,0
Yew Tee Primary School,2020-01-01,240,200,75,75,125,11,2,77,7,7,148,53,53,95,45,45,50,0,0
Yio Chu Kang Primary School,2020-01-01,240,200,46,46,154,2,0,96,0,0,192,50,50,144,84,84,60,0,0
Yishun Primary School,2020-01-01,200,160,80,80,80,25,0,48,0,0,97,43,43,54,43,43,11,0,0
Yu Neng Primary School,2020-01-01,180,140,89,89,51,55,34,21,14,14,28,48,28,0,0,0,0,0,0
Yuhua Primary School,2020-01-01,240,200,52,52,148,14,0,87,0,0,175,44,44,131,62,62,69,0,0
Yumin Primary School,2020-01-01,180,140,66,66,74,15,0,50,1,1,100,48,48,54,64,54,0,0,0
Zhangde Primary School,2020-01-01,210,170,70,70,100,15,0,63,0,0,125,128,125,0,0,0,0,0,0
Zhenghua Primary School,2020-01-01,220,180,79,79,101,30,2,56,1,1,111,92,92,21,23,21,0,0,0
Zhonghua Primary School,2020-01-01,180,140,25,25,115,8,0,74,0,0,147,14,14,133,38,38,95,0,0
Admiralty Primary School,2019-01-01,210,170,83,83,87,22,0,53,44,44,61,86,61,0,0,0,0,0,0
Ahmad Ibrahim Primary School,2019-01-01,240,200,49,49,151,8,2,92,0,0,183,32,32,151,9,9,142,0,0
Ai Tong School,2019-01-01,300,260,121,121,139,120,168,31,32,31,30,55,30,0,0,0,0,0,0
Alexandra Primary School,2019-01-01,210,170,99,99,71,4,2,54,6,6,103,127,103,0,0,0,0,0,0
Anchor Green Primary School,2019-01-01,240,200,84,84,116,6,0,75,1,1,151,66,66,85,97,85,0,0,0
Anderson Primary School,2019-01-01,210,170,86,86,84,31,0,47,26,26,69,88,69,0,0,0,0,0,0
Ang Mo Kio Primary School,2019-01-01,150,110,46,46,64,15,0,45,0,0,89,45,45,44,30,30,14,0,0
Anglo-Chinese School (Junior),2019-01-01,270,230,75,75,155,103,176,46,65,46,46,60,46,0,0,0,0,0,0
Anglo-Chinese School (Primary),2019-01-01,240,200,57,57,143,128,212,28,37,28,27,42,27,0,0,0,0,0,0
Angsana Primary School,2019-01-01,120,80,24,24,56,11,0,43,0,0,85,9,9,77,3,3,74,0,0
Beacon Primary School,2019-01-01,210,170,63,63,107,4,0,72,0,0,143,58,58,86,19,19,67,0,0
Bedok Green Primary School,2019-01-01,210,170,52,52,118,11,0,74,0,0,149,52,52,98,55,55,43,0,0
Bendemeer Primary School,2019-01-01,180,140,51,51,89,17,0,56,0,0,113,63,63,50,49,49,1,0,0
Blangah Rise Primary School,2019-01-01,90,50,15,15,35,4,0,36,0,0,71,19,19,52,8,8,44,0,0
Boon Lay Garden Primary School,2019-01-01,240,200,51,51,149,10,0,90,0,0,181,33,33,148,33,33,115,0,0
Bukit Panjang Primary School,2019-01-01,240,200,98,98,102,54,24,44,20,20,70,87,70,0,0,0,0,0,0
Bukit Timah Primary School,2019-01-01,180,140,45,45,95,5,0,66,0,0,132,85,85,47,62,47,0,0,0
Bukit View Primary School,2019-01-01,180,140,51,51,89,7,0,61,0,0,122,24,24,99,65,65,34,0,0
CHIJ (Katong) Primary,2019-01-01,200,160,40,40,120,26,24,67,25,25,112,40,40,72,21,21,51,0,0
CHIJ (Kellock),2019-01-01,200,160,46,46,114,15,0,70,35,35,104,103,103,1,3,1,0,0,0
CHIJ Primary (Toa Payoh),2019-01-01,210,170,54,54,116,73,98,42,68,42,43,63,43,0,0,0,0,0,0
CHIJ Our Lady Queen Of Peace,2019-01-01,180,140,36,36,104,12,0,66,19,19,113,76,76,37,42,37,0,0,0
CHIJ Our Lady Of Good Counsel,2019-01-01,150,110,37,37,73,13,0,50,17,17,83,76,76,7,13,7,0,0,0
CHIJ Our Lady Of The Nativity,2019-01-01,240,200,66,66,135,24,0,76,40,40,114,119,114,0,0,0,0,0,0
CHIJ St. Nicholas Girls' School,2019-01-01,210,170,64,64,106,106,172,20,40,20,22,44,22,0,0,0,0,0,0
Canberra Primary School,2019-01-01,210,170,91,91,79,16,0,52,62,52,54,89,54,0,0,0,0,0,0
Canossa Catholic Primary School,2019-01-01,120,80,19,19,61,8,2,47,15,15,79,39,39,40,9,9,31,0,0
Cantonment Primary School,2019-01-01,180,140,61,61,79,3,0,58,1,1,115,80,80,35,35,35,0,0,0
Casuarina Primary School,2019-01-01,180,140,77,77,63,7,2,49,1,1,96,51,51,46,31,31,15,0,0
Catholic High School (Primary),2019-01-01,240,200,89,89,111,118,208,20,37,20,21,46,21,0,0,0,0,0,0
Cedar Primary School,2019-01-01,210,170,36,36,134,9,0,83,0,0,166,31,31,135,7,7,128,0,0
Changkat Primary School,2019-01-01,150,110,49,49,61,14,0,44,0,0,91,50,50,41,13,13,28,0,0
Chongfu School,2019-01-01,300,260,119,119,141,90,66,47,55,47,51,144,51,0,0,0,0,0,0
Chongzheng Primary School,2019-01-01,180,140,69,69,71,27,0,42,18,18,69,79,69,0,0,0,0,0,0
Chua Chu Kang Primary School,2019-01-01,240,200,90,90,110,14,0,68,14,14,124,131,124,0,0,0,0,0,0
Clementi Primary School,2019-01-01,240,200,76,76,124,14,0,75,2,2,151,104,104,47,57,47,0,0,0
Compassvale Primary School,2019-01-01,240,200,79,79,121,18,0,72,15,15,130,153,130,0,0,0,0,0,0
Concord Primary School,2019-01-01,240,200,79,79,121,15,0,73,8,8,138,129,129,9,22,9,0,0,0
Corporation Primary School,2019-01-01,210,170,75,75,95,8,0,64,0,0,127,58,58,69,61,61,8,0,0
Damai Primary School,2019-01-01,150,110,25,25,85,13,0,56,0,0,112,37,37,75,15,15,60,0,0
Dazhong Primary School,2019-01-01,180,140,55,55,85,25,4,50,0,0,101,36,36,66,67,66,0,0,0
De La Salle School,2019-01-01,240,200,90,90,110,19,12,66,23,23,109,118,109,0,0,0,0,0,0
East Spring Primary School,2019-01-01,150,110,53,53,58,11,0,44,2,2,85,53,53,32,11,11,21,0,0
Edgefield Primary School,2019-01-01,240,200,95,95,105,9,0,68,0,0,136,69,69,67,31,31,36,0,0
Elias Park Primary School,2019-01-01,180,140,63,63,77,13,0,53,1,1,105,116,105,0,0,0,0,0,0
Endeavour Primary School,2019-01-01,210,170,72,72,98,6,0,66,1,1,133,91,91,42,25,25,17,0,0
Eunos Primary School,2019-01-01,90,50,27,27,23,11,0,26,0,0,52,13,13,39,3,3,36,0,0
Evergreen Primary School,2019-01-01,180,140,82,82,58,12,0,43,5,5,81,81,81,0,0,0,0,0,0
Fairfield Methodist School (Primary),2019-01-01,270,230,107,107,123,98,124,32,51,32,34,41,34,0,0,0,0,0,0
Farrer Park Primary School,2019-01-01,150,110,28,28,82,9,0,57,1,1,113,32,32,81,17,17,64,0,0
Fengshan Primary School,2019-01-01,180,140,70,70,70,20,0,46,0,0,93,99,93,0,0,0,0,0,0
Fern Green Primary School,2019-01-01,270,230,61,61,169,44,0,83,2,2,164,157,157,7,14,7,0,0,0
Fernvale Primary School,2019-01-01,240,200,96,96,104,10,0,67,1,1,133,79,79,54,61,54,0,0,0
First Toa Payoh Primary School,2019-01-01,120,80,17,17,63,2,0,51,0,0,101,16,16,85,11,11,74,0,0
Frontier Primary School,2019-01-01,210,170,79,79,91,64,0,35,11,11,59,63,59,0,0,0,0,0,0
Fuchun Primary School,2019-01-01,210,170,50,50,120,17,0,72,0,0,144,52,52,92,6,6,86,0,0
Fuhua Primary School,2019-01-01,210,170,82,82,88,24,0,52,1,1,104,53,53,51,59,51,0,0,0
Gan Eng Seng Primary School,2019-01-01,180,140,43,43,97,5,0,66,0,0,132,36,36,96,33,33,63,0,0
Geylang Methodist School (Primary),2019-01-01,270,230,90,90,140,25,10,78,10,10,150,108,108,42,35,35,7,0,0
Gongshang Primary School,2019-01-01,210,170,75,75,95,60,46,39,16,16,65,69,65,0,0,0,0,0,0
Greendale Primary School,2019-01-01,280,240,64,64,176,6,0,106,0,0,211,36,36,176,9,9,167,0,0
Greenridge Primary School,2019-01-01,210,170,69,69,101,9,0,66,2,2,131,75,75,56,57,56,0,0,0
Greenwood Primary School,2019-01-01,210,170,82,82,88,7,0,61,4,4,117,116,116,1,11,1,0,0,0
Guangyang Primary School,2019-01-01,120,80,24,24,56,4,2,46,0,0,92,15,15,77,13,13,64,0,0
Haig Girls' School,2019-01-01,180,140,53,53,87,17,8,55,14,14,96,93,93,3,3,3,0,0,0
Henry Park Primary School,2019-01-01,300,260,130,130,130,107,168,32,26,26,40,53,40,0,0,0,0,0,0
Holy Innocents' Primary School,2019-01-01,270,230,91,91,139,90,54,46,60,46,47,72,47,0,0,0,0,0,0
Hong Wen School,2019-01-01,210,170,84,84,86,31,16,48,33,33,64,116,64,0,0,0,0,0,0
Horizon Primary School,2019-01-01,280,240,83,83,157,15,2,91,18,18,165,168,165,0,0,0,0,0,0
Hougang Primary School,2019-01-01,210,170,77,77,93,14,0,60,19,19,100,115,100,0,0,0,0,0,0
Huamin Primary School,2019-01-01,210,170,72,72,98,30,0,54,0,0,109,138,109,0,0,0,0,0,0
Innova Primary School,2019-01-01,180,140,96,96,44,7,0,39,18,18,59,80,59,0,0,0,0,0,0
Jiemin Primary School,2019-01-01,180,140,64,64,76,25,0,46,7,7,85,84,84,1,1,1,0,0,0
Jing Shan Primary School,2019-01-01,150,110,49,49,61,29,0,36,1,1,71,59,59,12,10,10,2,0,0
Junyuan Primary School,2019-01-01,180,140,93,93,47,39,0,24,0,0,51,55,51,0,0,0,0,0,0
Jurong Primary School,2019-01-01,180,140,84,84,56,30,0,33,0,0,66,69,66,0,0,0,0,0,0
Jurong West Primary School,2019-01-01,180,140,73,73,67,17,0,46,11,11,80,87,80,0,0,0,0,0,0
Juying Primary School,2019-01-01,90,50,23,23,27,1,0,33,0,0,66,10,10,56,8,8,48,0,0
Keming Primary School,2019-01-01,210,170,99,99,71,33,4,40,13,13,68,135,68,0,0,0,0,0,0
Kheng Cheng School,2019-01-01,240,200,71,71,129,19,0,75,0,0,150,129,129,21,27,21,0,0,0
Kong Hwa School,2019-01-01,270,230,106,106,124,62,66,51,43,43,61,79,61,0,0,0,0,0,0
Kranji Primary School,2019-01-01,150,110,24,24,86,4,0,61,0,0,122,21,21,102,6,6,96,0,0
Kuo Chuan Presbyterian Primary School,2019-01-01,240,200,111,111,90,42,20,46,37,37,55,73,55,0,0,0,0,0,0
Lakeside Primary School,2019-01-01,240,200,92,92,108,22,0,64,0,0,127,147,127,0,0,0,0,0,0
Lianhua Primary School,2019-01-01,180,140,37,37,103,9,0,68,0,0,135,30,30,105,34,34,71,0,0
Maha Bodhi School,2019-01-01,330,290,130,130,160,114,104,44,31,31,60,64,60,0,0,0,0,0,0
Maris Stella High School,2019-01-01,270,230,63,63,167,97,126,56,59,56,57,66,57,0,0,0,0,0,0
Marsiling Primary School,2019-01-01,180,140,63,63,77,10,0,54,0,0,107,69,69,38,7,7,31,0,0
Marymount Convent School,2019-01-01,210,170,37,37,133,8,2,83,11,11,156,66,66,90,75,75,15,0,0
Mayflower Primary School,2019-01-01,180,140,40,40,100,15,0,63,0,0,126,43,43,83,30,30,53,0,0
Mee Toh School,2019-01-01,320,280,109,109,171,26,10,93,54,54,133,199,133,0,0,0,0,0,0
Meridian Primary School,2019-01-01,150,110,25,25,85,2,0,62,0,0,124,22,22,102,5,5,97,0,0
Methodist Girls' School (Primary),2019-01-01,210,170,62,62,108,107,170,21,40,21,21,32,21,0,0,0,0,0,0
Montfort Junior School,2019-01-01,120,80,13,13,67,7,0,51,15,15,87,45,45,42,24,24,18,0,0
Nan Chiau Primary School,2019-01-01,300,260,144,144,116,38,24,60,70,60,61,235,61,0,0,0,0,0,0
Nan Hua Primary School,2019-01-01,240,200,108,108,92,106,168,20,27,20,20,96,20,0,0,0,0,0,0
Nanyang Primary School,2019-01-01,390,350,194,194,158,182,296,21,30,21,21,37,21,0,0,0,0,0,0
Naval Base Primary School,2019-01-01,240,200,69,69,131,23,0,74,2,2,146,112,112,34,81,34,0,0,0
New Town Primary School,2019-01-01,210,170,42,42,128,4,0,82,1,1,165,26,26,139,28,28,111,0,0
Ngee Ann Primary School,2019-01-01,240,200,80,80,121,33,0,66,16,16,118,108,108,11,15,11,0,0,0
North Spring Primary School,2019-01-01,210,170,69,69,101,8,0,67,0,0,134,56,56,78,31,31,47,0,0
North View Primary School,2019-01-01,180,140,80,80,60,13,0,44,1,1,87,90,87,0,0,0,0,0,0
North Vista Primary School,2019-01-01,240,200,79,79,121,4,2,79,1,1,158,56,56,103,28,28,75,0,0
Northland Primary School,2019-01-01,240,200,88,88,112,46,40,53,25,25,83,243,83,0,0,0,0,0,0
Northoaks Primary School,2019-01-01,240,200,45,45,155,11,0,93,0,0,185,26,26,159,8,8,151,0,0
Oasis Primary School,2019-01-01,280,240,107,107,133,59,0,57,0,0,114,115,114,0,0,0,0,0,0
Opera Estate Primary School,2019-01-01,150,110,61,61,50,8,0,42,9,9,75,91,75,0,0,0,0,0,0
Palm View Primary School,2019-01-01,240,200,94,94,106,4,0,71,2,2,143,97,97,46,46,46,0,0,0
Park View Primary School,2019-01-01,150,110,41,41,69,6,0,52,0,0,103,61,61,42,23,23,19,0,0
Pasir Ris Primary School,2019-01-01,180,140,87,87,53,26,0,34,22,22,45,58,45,0,0,0,0,0,0
Paya Lebar Methodist Girls' School (Primary),2019-01-01,270,230,61,61,169,59,72,75,65,65,88,108,88,0,0,0,0,0,0
Pei Chun Public School,2019-01-01,300,260,125,125,135,121,150,28,30,28,33,64,33,0,0,0,0,0,0
Pei Hwa Presbyterian Primary School,2019-01-01,224,184,116,116,68,88,88,20,41,20,21,51,21,0,0,0,0,0,0
Pei Tong Primary School,2019-01-01,240,200,62,62,138,11,2,84,0,0,169,36,36,133,34,34,99,0,0
Peiying Primary School,2019-01-01,180,140,56,56,84,10,0,58,0,0,115,41,41,74,56,56,18,0,0
Pioneer Primary School,2019-01-01,180,140,40,40,100,10,0,66,0,0,131,19,19,112,27,27,85,0,0
Poi Ching School,2019-01-01,240,200,81,81,119,20,6,70,24,24,115,150,115,0,0,0,0,0,0
Princess Elizabeth Primary School,2019-01-01,200,160,68,68,92,52,0,40,0,0,82,205,82,0,0,0,0,0,0
Punggol Primary School,2019-01-01,210,170,74,74,96,9,0,64,3,3,125,141,125,0,0,0,0,0,0
Punggol Cove Primary School,2019-01-01,250,210,97,97,113,31,0,61,0,0,123,110,110,13,16,13,0,0,0
Punggol Green Primary School,2019-01-01,250,210,136,136,74,64,0,25,3,3,51,147,51,0,0,0,0,0,0
Punggol View Primary School,2019-01-01,280,240,112,112,129,50,0,60,2,2,121,105,105,17,25,17,0,0,0
Qifa Primary School,2019-01-01,240,200,80,80,120,23,0,69,19,19,120,126,120,0,0,0,0,0,0
Qihua Primary School,2019-01-01,180,140,68,68,72,18,2,48,0,0,95,67,67,28,30,28,0,0,0
Queenstown Primary School,2019-01-01,240,200,99,99,101,21,0,60,0,0,121,132,121,0,0,0,0,0,0
Radin Mas Primary School,2019-01-01,200,160,83,83,77,51,52,33,16,16,52,86,52,0,0,0,0,0,0
Raffles Girls' Primary School,2019-01-01,270,230,63,63,167,62,78,74,24,24,123,172,123,0,0,0,0,0,0
Red Swastika School,2019-01-01,240,200,92,92,108,111,158,21,10,10,33,59,33,0,0,0,0,0,0
River Valley Primary School,2019-01-01,210,170,100,100,70,45,0,33,23,23,48,60,48,0,0,0,0,0,0
Riverside Primary School,2019-01-01,210,170,98,98,72,66,0,23,0,0,46,87,46,0,0,0,0,0,0
Rivervale Primary School,2019-01-01,240,200,99,99,101,18,0,62,17,17,107,115,107,0,0,0,0,0,0
Rosyth School,2019-01-01,270,230,143,143,88,101,130,20,28,20,20,76,20,0,0,0,0,0,0
Rulang Primary School,2019-01-01,270,230,119,119,111,107,100,22,25,22,24,84,24,0,0,0,0,0,0
Sembawang Primary School,2019-01-01,180,140,59,59,81,12,0,55,0,0,109,93,93,16,17,16,0,0,0
Seng Kang Primary School,2019-01-01,240,200,58,58,142,9,0,87,0,0,173,52,52,121,38,38,83,0,0
Sengkang Green Primary School,2019-01-01,270,230,112,112,118,73,0,43,15,15,70,147,70,0,0,0,0,0,0
Shuqun Primary School,2019-01-01,200,160,98,98,62,44,8,29,18,18,41,77,41,0,0,0,0,0,0
Si Ling Primary School,2019-01-01,150,110,37,37,73,6,0,54,0,0,108,34,34,75,22,22,53,0,0
Singapore Chinese Girls’ School (Primary),2019-01-01,192,152,51,51,101,73,122,34,31,31,37,48,37,0,0,0,0,0,0
South View Primary School,2019-01-01,270,230,105,105,125,90,42,38,23,23,52,154,52,0,0,0,0,0,0
Springdale Primary School,2019-01-01,240,200,76,76,125,60,0,53,1,1,107,106,106,1,6,1,0,0,0
St. Andrew's Junior School,2019-01-01,240,200,65,65,135,75,82,51,35,35,68,104,68,0,0,0,0,0,0
St. Anthony's Primary School,2019-01-01,210,170,77,77,93,35,20,49,25,25,74,87,74,0,0,0,0,0,0
St. Anthony's Canossian Primary School,2019-01-01,210,170,35,35,135,7,4,84,20,20,148,61,61,87,23,23,64,0,0
St. Gabriel's Primary School,2019-01-01,150,110,37,37,73,23,18,46,21,21,71,63,63,9,21,9,0,0,0
St. Hilda's Primary School,2019-01-01,270,230,94,94,136,65,84,56,45,45,68,110,68,0,0,0,0,0,0
St. Joseph's Institution Junior,2019-01-01,240,200,58,58,142,62,92,60,83,60,62,89,62,0,0,0,0,0,0
St. Margaret's Primary School,2019-01-01,192,152,37,37,115,26,18,65,22,22,108,82,82,26,35,26,0,0,0
St. Stephen's School,2019-01-01,210,170,41,41,129,22,0,74,22,22,126,68,68,58,37,37,21,0,0
Stamford Primary School,2019-01-01,150,110,23,23,87,4,0,62,0,0,124,29,29,95,6,6,89,0,0
Tampines Primary School,2019-01-01,180,140,72,72,68,18,0,46,2,2,90,94,90,0,0,0,0,0,0
Tampines North Primary School,2019-01-01,210,170,60,60,110,9,0,71,0,0,141,76,76,65,33,33,32,0,0
Tanjong Katong Primary School,2019-01-01,200,160,72,72,88,30,0,49,4,4,95,107,95,0,0,0,0,0,0
Tao Nan School,2019-01-01,360,320,159,159,161,134,220,35,36,35,36,62,36,0,0,0,0,0,0
Teck Ghee Primary School,2019-01-01,180,140,65,65,75,23,0,47,11,11,83,86,83,0,0,0,0,0,0
Teck Whye Primary School,2019-01-01,210,170,56,56,114,8,0,73,0,0,146,14,14,132,28,28,104,0,0
Telok Kurau Primary School,2019-01-01,210,170,66,66,104,13,0,67,0,0,134,63,63,71,6,6,65,0,0
Temasek Primary School,2019-01-01,200,160,103,103,57,57,50,20,27,20,21,55,21,0,0,0,0,0,0
Townsville Primary School,2019-01-01,180,140,60,60,80,8,0,57,0,0,114,43,43,71,31,31,40,0,0
Unity Primary School,2019-01-01,210,170,89,89,81,13,0,54,0,0,108,61,61,47,5,5,42,0,0
Valour Primary School,2019-01-01,220,180,0,0,180,0,0,110,3,3,217,149,149,68,69,68,0,0,0
Waterway Primary School,2019-01-01,280,240,88,88,152,28,0,83,0,0,165,140,140,25,25,25,0,0,0
Wellington Primary School,2019-01-01,240,200,65,65,135,5,0,85,0,0,170,131,131,39,17,17,22,0,0
West Grove Primary School,2019-01-01,180,140,88,88,52,13,0,40,17,17,63,74,63,0,0,0,0,0,0
West Spring Primary School,2019-01-01,210,170,107,107,63,57,0,23,18,18,31,105,31,0,0,0,0,0,0
West View Primary School,2019-01-01,180,140,47,47,93,6,0,64,0,0,127,53,53,74,10,10,64,0,0
Westwood Primary School,2019-01-01,210,170,90,90,80,62,0,29,12,12,47,80,47,0,0,0,0,0,0
White Sands Primary School,2019-01-01,180,140,90,90,50,11,0,40,19,19,61,84,61,0,0,0,0,0,0
Woodgrove Primary School,2019-01-01,180,140,84,84,56,14,0,41,6,6,76,94,76,0,0,0,0,0,0
Woodlands Primary School,2019-01-01,210,170,103,103,67,30,0,39,5,5,74,80,74,0,0,0,0,0,0
Woodlands Ring Primary School,2019-01-01,210,170,68,68,102,21,2,61,2,2,119,85,85,35,40,35,0,0,0
Xinghua Primary School,2019-01-01,180,140,46,46,94,8,0,63,0,0,126,36,36,90,28,28,62,0,0
Xingnan Primary School,2019-01-01,150,110,53,53,57,24,4,37,4,4,72,63,63,9,10,9,0,0,0
Xinmin Primary School,2019-01-01,210,170,75,75,95,40,0,48,11,11,85,98,85,0,0,0,0,0,0
Xishan Primary School,2019-01-01,240,200,62,62,138,13,0,83,3,3,162,59,59,103,69,69,34,0,0
Yangzheng Primary School,2019-01-01,180,140,70,70,70,23,10,44,11,11,78,86,78,0,0,0,0,0,0
Yew Tee Primary School,2019-01-01,180,140,62,62,78,8,0,55,4,4,106,58,58,48,38,38,10,0,0
Yio Chu Kang Primary School,2019-01-01,180,140,41,41,99,9,0,65,0,0,130,27,27,103,31,31,72,0,0
Yishun Primary School,2019-01-01,200,160,74,74,86,17,0,55,0,0,111,46,46,65,53,53,12,0,0
Yu Neng Primary School,2019-01-01,180,140,77,77,63,53,34,25,12,12,40,59,40,0,0,0,0,0,0
Yuhua Primary School,2019-01-01,180,140,40,40,100,10,0,65,0,0,130,34,34,96,28,28,68,0,0
Yumin Primary School,2019-01-01,150,110,42,42,68,17,0,46,0,0,93,30,30,63,44,44,19,0,0
Zhangde Primary School,2019-01-01,210,170,75,75,96,12,0,62,1,1,124,124,124,0,0,0,0,0,0
Zhenghua Primary School,2019-01-01,210,170,85,85,85,23,0,51,2,2,100,76,76,24,19,19,5,0,0
Zhonghua Primary School,2019-01-01,120,80,26,26,54,1,0,47,1,1,93,13,13,80,19,19,61,0,0
